unitid,opeid6,instnm,control,cip4,cipdesc,credlev,creddesc,cip4_broader_than_target,ipedscount1,ipedscount1_status,ipedscount2,ipedscount2_status,earn_mdn_1yr,earn_mdn_1yr_status,earn_mdn_4yr,earn_mdn_4yr_status,earn_mdn_5yr,earn_mdn_5yr_status,earn_count_wne_1yr,earn_count_wne_1yr_status,debt_all_stgp_eval_mdn,debt_all_stgp_eval_mdn_status
100706,001055,University of Alabama in Huntsville,Public,52.13,Management Sciences and Quantitative Methods.,5,Master's Degree,false,28,reported,34,reported,68095,reported,118475,reported,,privacy_suppressed,17,reported,,privacy_suppressed
100751,001051,The University of Alabama,Public,27.05,Statistics.,5,Master's Degree,false,,not_available,,not_available,,privacy_suppressed,,privacy_suppressed,,privacy_suppressed,,privacy_suppressed,,privacy_suppressed
100751,001051,The University of Alabama,Public,27.06,Applied Statistics.,5,Master's Degree,false,6,reported,2,reported,,privacy_suppressed,,privacy_suppressed,,privacy_suppressed,,privacy_suppressed,,privacy_suppressed
100751,001051,The University of Alabama,Public,30.71,Data Analytics.,5,Master's Degree,false,,not_available,8,reported,,not_available,,privacy_suppressed,,not_available,,not_available,,not_available
100751,001051,The University of Alabama,Public,45.06,Economics.,5,Master's Degree,true,30,reported,13,reported,,privacy_suppressed,,privacy_suppressed,,privacy_suppressed,,privacy_suppressed,,not_available
100751,001051,The University of Alabama,Public,52.13,Management Sciences and Quantitative Methods.,5,Master's Degree,false,35,reported,29,reported,,privacy_suppressed,112179,reported,126862,reported,,privacy_suppressed,,privacy_suppressed
100830,008310,Auburn University at Montgomery,Public,45.06,Economics.,5,Master's Degree,true,2,reported,4,reported,,privacy_suppressed,,privacy_suppressed,,privacy_suppressed,,privacy_suppressed,,privacy_suppressed
100858,001009,Auburn University,Public,27.05,Statistics.,5,Master's Degree,false,6,reported,9,reported,,privacy_suppressed,,privacy_suppressed,,privacy_suppressed,,privacy_suppressed,,privacy_suppressed
100858,001009,Auburn University,Public,45.06,Economics.,5,Master's Degree,true,2,reported,4,reported,,privacy_suppressed,,privacy_suppressed,,privacy_suppressed,,privacy_suppressed,,privacy_suppressed
101189,001003,Faulkner University,"Private, nonprofit",52.13,Management Sciences and Quantitative Methods.,5,Master's Degree,false,50,reported,51,reported,47992,reported,59426,reported,,privacy_suppressed,73,reported,25500,reported
102553,011462,University of Alaska Anchorage,Public,52.13,Management Sciences and Quantitative Methods.,5,Master's Degree,false,,not_available,,not_available,,privacy_suppressed,,privacy_suppressed,134300,reported,,privacy_suppressed,,privacy_suppressed
102614,001063,University of Alaska Fairbanks,Public,27.05,Statistics.,5,Master's Degree,false,6,reported,4,reported,,privacy_suppressed,,privacy_suppressed,,privacy_suppressed,,privacy_suppressed,,privacy_suppressed
104151,001081,Arizona State University Campus Immersion,Public,27.05,Statistics.,5,Master's Degree,false,12,reported,9,reported,,privacy_suppressed,,privacy_suppressed,,privacy_suppressed,,privacy_suppressed,,privacy_suppressed
104151,001081,Arizona State University Campus Immersion,Public,30.71,Data Analytics.,5,Master's Degree,false,,not_available,0,reported,,not_available,,privacy_suppressed,,not_available,,not_available,,not_available
104151,001081,Arizona State University Campus Immersion,Public,45.06,Economics.,5,Master's Degree,true,13,reported,14,reported,,privacy_suppressed,,privacy_suppressed,,privacy_suppressed,,privacy_suppressed,,privacy_suppressed
104151,001081,Arizona State University Campus Immersion,Public,52.13,Management Sciences and Quantitative Methods.,5,Master's Degree,false,717,reported,628,reported,78583,reported,134987,reported,130574,reported,161,reported,33647,reported
104179,001083,University of Arizona,Public,27.05,Statistics.,5,Master's Degree,false,10,reported,9,reported,,privacy_suppressed,,privacy_suppressed,,privacy_suppressed,,privacy_suppressed,,privacy_suppressed
104179,001083,University of Arizona,Public,30.70,Data Science.,5,Master's Degree,false,0,reported,8,reported,,privacy_suppressed,,privacy_suppressed,,privacy_suppressed,,privacy_suppressed,,not_available
104179,001083,University of Arizona,Public,45.06,Economics.,5,Master's Degree,true,28,reported,23,reported,,privacy_suppressed,,privacy_suppressed,,privacy_suppressed,,privacy_suppressed,,privacy_suppressed
104179,001083,University of Arizona,Public,52.13,Management Sciences and Quantitative Methods.,5,Master's Degree,false,49,reported,89,reported,,privacy_suppressed,,privacy_suppressed,,privacy_suppressed,,privacy_suppressed,,privacy_suppressed
104717,001074,Grand Canyon University,"Private, for-profit",27.05,Statistics.,5,Master's Degree,false,18,reported,30,reported,,privacy_suppressed,,privacy_suppressed,,privacy_suppressed,,privacy_suppressed,,privacy_suppressed
104717,001074,Grand Canyon University,"Private, for-profit",52.13,Management Sciences and Quantitative Methods.,5,Master's Degree,false,98,reported,115,reported,,privacy_suppressed,,privacy_suppressed,,privacy_suppressed,,privacy_suppressed,,privacy_suppressed
105330,001082,Northern Arizona University,Public,27.05,Statistics.,5,Master's Degree,false,5,reported,7,reported,,privacy_suppressed,,privacy_suppressed,,privacy_suppressed,,privacy_suppressed,,privacy_suppressed
105330,001082,Northern Arizona University,Public,30.71,Data Analytics.,5,Master's Degree,false,,not_available,0,reported,,not_available,,privacy_suppressed,,not_available,,not_available,,not_available
106245,001101,University of Arkansas at Little Rock,Public,52.13,Management Sciences and Quantitative Methods.,5,Master's Degree,false,17,reported,14,reported,,privacy_suppressed,,privacy_suppressed,,privacy_suppressed,,privacy_suppressed,,privacy_suppressed
106397,001108,University of Arkansas,Public,27.05,Statistics.,5,Master's Degree,false,5,reported,13,reported,,privacy_suppressed,,privacy_suppressed,,privacy_suppressed,,privacy_suppressed,,privacy_suppressed
106397,001108,University of Arkansas,Public,45.06,Economics.,5,Master's Degree,true,18,reported,6,reported,,privacy_suppressed,,privacy_suppressed,,privacy_suppressed,,privacy_suppressed,,privacy_suppressed
106397,001108,University of Arkansas,Public,52.13,Management Sciences and Quantitative Methods.,5,Master's Degree,false,43,reported,54,reported,96653,reported,151985,reported,,privacy_suppressed,22,reported,32346,reported
106458,001090,Arkansas State University,Public,27.05,Statistics.,5,Master's Degree,false,1,reported,3,reported,,privacy_suppressed,,privacy_suppressed,,privacy_suppressed,,privacy_suppressed,,not_available
106458,001090,Arkansas State University,Public,52.13,Management Sciences and Quantitative Methods.,5,Master's Degree,false,13,reported,54,reported,,privacy_suppressed,,privacy_suppressed,,privacy_suppressed,,privacy_suppressed,,not_available
106704,001092,University of Central Arkansas,Public,52.13,Management Sciences and Quantitative Methods.,5,Master's Degree,false,2,reported,5,reported,,not_available,,privacy_suppressed,,not_available,,not_available,,not_available
109785,001117,Azusa Pacific University,"Private, nonprofit",27.05,Statistics.,5,Master's Degree,false,5,reported,14,reported,,privacy_suppressed,,privacy_suppressed,,privacy_suppressed,,privacy_suppressed,,privacy_suppressed
110404,001131,California Institute of Technology,"Private, nonprofit",45.06,Economics.,5,Master's Degree,true,0,reported,6,reported,,privacy_suppressed,,privacy_suppressed,,privacy_suppressed,,privacy_suppressed,,privacy_suppressed
110413,001133,California Lutheran University,"Private, nonprofit",45.06,Economics.,5,Master's Degree,true,4,reported,7,reported,,privacy_suppressed,,privacy_suppressed,,privacy_suppressed,,privacy_suppressed,,privacy_suppressed
110413,001133,California Lutheran University,"Private, nonprofit",52.13,Management Sciences and Quantitative Methods.,5,Master's Degree,false,9,reported,14,reported,,privacy_suppressed,,privacy_suppressed,,privacy_suppressed,,privacy_suppressed,,privacy_suppressed
110422,001143,California Polytechnic State University-San Luis Obispo,Public,45.06,Economics.,5,Master's Degree,true,21,reported,22,reported,,privacy_suppressed,,privacy_suppressed,,privacy_suppressed,,privacy_suppressed,,privacy_suppressed
110422,001143,California Polytechnic State University-San Luis Obispo,Public,52.13,Management Sciences and Quantitative Methods.,5,Master's Degree,false,45,reported,49,reported,96886,reported,131448,reported,,privacy_suppressed,26,reported,,privacy_suppressed
110468,011117,Alliant International University-San Diego,"Private, for-profit",52.13,Management Sciences and Quantitative Methods.,5,Master's Degree,false,7,reported,8,reported,,privacy_suppressed,,privacy_suppressed,,privacy_suppressed,,privacy_suppressed,,privacy_suppressed
110529,001144,California State Polytechnic University-Pomona,Public,45.06,Economics.,5,Master's Degree,true,8,reported,8,reported,,privacy_suppressed,,privacy_suppressed,,privacy_suppressed,,privacy_suppressed,,privacy_suppressed
110529,001144,California State Polytechnic University-Pomona,Public,52.13,Management Sciences and Quantitative Methods.,5,Master's Degree,false,17,reported,39,reported,,not_available,,privacy_suppressed,,not_available,,not_available,,not_available
110565,001137,California State University-Fullerton,Public,27.05,Statistics.,5,Master's Degree,false,27,reported,23,reported,87137,reported,,privacy_suppressed,,privacy_suppressed,21,reported,,privacy_suppressed
110565,001137,California State University-Fullerton,Public,45.06,Economics.,5,Master's Degree,true,10,reported,10,reported,,privacy_suppressed,,privacy_suppressed,,privacy_suppressed,,privacy_suppressed,,privacy_suppressed
110565,001137,California State University-Fullerton,Public,52.13,Management Sciences and Quantitative Methods.,5,Master's Degree,false,,not_available,,not_available,92172,reported,108748,reported,,privacy_suppressed,28,reported,,privacy_suppressed
110574,001138,California State University-East Bay,Public,27.05,Statistics.,5,Master's Degree,false,31,reported,36,reported,64229,reported,142606,reported,123982,reported,27,reported,25847,reported
110574,001138,California State University-East Bay,Public,45.06,Economics.,5,Master's Degree,true,9,reported,8,reported,,privacy_suppressed,,privacy_suppressed,,privacy_suppressed,,privacy_suppressed,,privacy_suppressed
110574,001138,California State University-East Bay,Public,52.13,Management Sciences and Quantitative Methods.,5,Master's Degree,false,79,reported,81,reported,,privacy_suppressed,100237,reported,,privacy_suppressed,,privacy_suppressed,,privacy_suppressed
110583,001139,California State University-Long Beach,Public,27.05,Statistics.,5,Master's Degree,false,20,reported,25,reported,,privacy_suppressed,,privacy_suppressed,,privacy_suppressed,,privacy_suppressed,,privacy_suppressed
110583,001139,California State University-Long Beach,Public,45.06,Economics.,5,Master's Degree,true,11,reported,7,reported,,privacy_suppressed,,privacy_suppressed,,privacy_suppressed,,privacy_suppressed,,privacy_suppressed
110583,001139,California State University-Long Beach,Public,52.13,Management Sciences and Quantitative Methods.,5,Master's Degree,false,13,reported,49,reported,,privacy_suppressed,,privacy_suppressed,,privacy_suppressed,,privacy_suppressed,,not_available
110592,001140,California State University-Los Angeles,Public,45.06,Economics.,5,Master's Degree,true,15,reported,7,reported,,privacy_suppressed,,privacy_suppressed,,privacy_suppressed,,privacy_suppressed,,privacy_suppressed
110617,001150,California State University-Sacramento,Public,45.06,Economics.,5,Master's Degree,true,6,reported,0,reported,,privacy_suppressed,,privacy_suppressed,,privacy_suppressed,,privacy_suppressed,,privacy_suppressed
110635,001312,University of California-Berkeley,Public,27.05,Statistics.,5,Master's Degree,false,47,reported,47,reported,,privacy_suppressed,,privacy_suppressed,,privacy_suppressed,,privacy_suppressed,,privacy_suppressed
110635,001312,University of California-Berkeley,Public,45.06,Economics.,5,Master's Degree,true,1,reported,2,reported,,privacy_suppressed,,privacy_suppressed,,privacy_suppressed,,privacy_suppressed,,privacy_suppressed
110635,001312,University of California-Berkeley,Public,52.13,Management Sciences and Quantitative Methods.,5,Master's Degree,false,673,reported,637,reported,,privacy_suppressed,,privacy_suppressed,,privacy_suppressed,,privacy_suppressed,,privacy_suppressed
110644,001313,University of California-Davis,Public,27.05,Statistics.,5,Master's Degree,false,23,reported,61,reported,,privacy_suppressed,,privacy_suppressed,,privacy_suppressed,,privacy_suppressed,,privacy_suppressed
110644,001313,University of California-Davis,Public,45.06,Economics.,5,Master's Degree,true,28,reported,22,reported,,privacy_suppressed,,privacy_suppressed,,privacy_suppressed,,privacy_suppressed,,privacy_suppressed
110644,001313,University of California-Davis,Public,52.13,Management Sciences and Quantitative Methods.,5,Master's Degree,false,355,reported,456,reported,144086,reported,,privacy_suppressed,,privacy_suppressed,61,reported,77263,reported
110653,001314,University of California-Irvine,Public,27.05,Statistics.,5,Master's Degree,false,16,reported,20,reported,,privacy_suppressed,,privacy_suppressed,,privacy_suppressed,,privacy_suppressed,,privacy_suppressed
110653,001314,University of California-Irvine,Public,45.06,Economics.,5,Master's Degree,true,11,reported,12,reported,,privacy_suppressed,,privacy_suppressed,,privacy_suppressed,,privacy_suppressed,,privacy_suppressed
110653,001314,University of California-Irvine,Public,52.13,Management Sciences and Quantitative Methods.,5,Master's Degree,false,251,reported,274,reported,73209,reported,,privacy_suppressed,,privacy_suppressed,88,reported,40020,reported
110662,001315,University of California-Los Angeles,Public,27.05,Statistics.,5,Master's Degree,false,49,reported,46,reported,,privacy_suppressed,,privacy_suppressed,,privacy_suppressed,,privacy_suppressed,,privacy_suppressed
110662,001315,University of California-Los Angeles,Public,45.06,Economics.,5,Master's Degree,true,170,reported,115,reported,,privacy_suppressed,,privacy_suppressed,,privacy_suppressed,,privacy_suppressed,,privacy_suppressed
110662,001315,University of California-Los Angeles,Public,52.13,Management Sciences and Quantitative Methods.,5,Master's Degree,false,877,reported,1054,reported,169099,reported,,privacy_suppressed,,privacy_suppressed,304,reported,88637,reported
110671,001316,University of California-Riverside,Public,27.05,Statistics.,5,Master's Degree,false,10,reported,7,reported,,privacy_suppressed,,privacy_suppressed,,privacy_suppressed,,privacy_suppressed,,privacy_suppressed
110671,001316,University of California-Riverside,Public,45.06,Economics.,5,Master's Degree,true,2,reported,4,reported,,privacy_suppressed,,privacy_suppressed,,privacy_suppressed,,privacy_suppressed,,privacy_suppressed
110671,001316,University of California-Riverside,Public,52.13,Management Sciences and Quantitative Methods.,5,Master's Degree,false,73,reported,70,reported,55862,reported,,privacy_suppressed,,privacy_suppressed,40,reported,77170,reported
110680,001317,University of California-San Diego,Public,27.05,Statistics.,5,Master's Degree,false,2,reported,18,reported,,privacy_suppressed,,privacy_suppressed,,privacy_suppressed,,privacy_suppressed,,privacy_suppressed
110680,001317,University of California-San Diego,Public,30.70,Data Science.,5,Master's Degree,false,,not_available,1,reported,,not_available,,privacy_suppressed,,not_available,,not_available,,not_available
110680,001317,University of California-San Diego,Public,45.06,Economics.,5,Master's Degree,true,10,reported,12,reported,,privacy_suppressed,,privacy_suppressed,,privacy_suppressed,,privacy_suppressed,,privacy_suppressed
110680,001317,University of California-San Diego,Public,52.13,Management Sciences and Quantitative Methods.,5,Master's Degree,false,302,reported,323,reported,,privacy_suppressed,,privacy_suppressed,,privacy_suppressed,,privacy_suppressed,,privacy_suppressed
110705,001320,University of California-Santa Barbara,Public,27.05,Statistics.,5,Master's Degree,false,22,reported,16,reported,,privacy_suppressed,,privacy_suppressed,,privacy_suppressed,,privacy_suppressed,,privacy_suppressed
110705,001320,University of California-Santa Barbara,Public,30.70,Data Science.,5,Master's Degree,false,25,reported,31,reported,,not_available,,privacy_suppressed,,not_available,,not_available,,not_available
110705,001320,University of California-Santa Barbara,Public,45.06,Economics.,5,Master's Degree,true,12,reported,11,reported,,privacy_suppressed,,privacy_suppressed,,privacy_suppressed,,privacy_suppressed,,privacy_suppressed
110705,001320,University of California-Santa Barbara,Public,52.13,Management Sciences and Quantitative Methods.,5,Master's Degree,false,36,reported,46,reported,,privacy_suppressed,,privacy_suppressed,,privacy_suppressed,,privacy_suppressed,,privacy_suppressed
110714,001321,University of California-Santa Cruz,Public,27.05,Statistics.,5,Master's Degree,false,4,reported,2,reported,,privacy_suppressed,,privacy_suppressed,,privacy_suppressed,,privacy_suppressed,,privacy_suppressed
110714,001321,University of California-Santa Cruz,Public,45.06,Economics.,5,Master's Degree,true,27,reported,22,reported,,privacy_suppressed,110425,reported,87173,reported,,privacy_suppressed,,privacy_suppressed
111948,001164,Chapman University,"Private, nonprofit",45.06,Economics.,5,Master's Degree,true,6,reported,1,reported,,privacy_suppressed,,privacy_suppressed,,privacy_suppressed,,privacy_suppressed,,privacy_suppressed
111948,001164,Chapman University,"Private, nonprofit",52.13,Management Sciences and Quantitative Methods.,5,Master's Degree,false,,not_available,74,reported,,not_available,,privacy_suppressed,,not_available,,not_available,,not_available
112251,001169,Claremont Graduate University,"Private, nonprofit",27.05,Statistics.,5,Master's Degree,false,3,reported,1,reported,,privacy_suppressed,,privacy_suppressed,,privacy_suppressed,,privacy_suppressed,,privacy_suppressed
112251,001169,Claremont Graduate University,"Private, nonprofit",45.06,Economics.,5,Master's Degree,true,16,reported,13,reported,,privacy_suppressed,,privacy_suppressed,,privacy_suppressed,,privacy_suppressed,,privacy_suppressed
112251,001169,Claremont Graduate University,"Private, nonprofit",52.13,Management Sciences and Quantitative Methods.,5,Master's Degree,false,13,reported,11,reported,,privacy_suppressed,,privacy_suppressed,,privacy_suppressed,,privacy_suppressed,,privacy_suppressed
113698,001196,Dominican University of California,"Private, nonprofit",52.13,Management Sciences and Quantitative Methods.,5,Master's Degree,false,17,reported,15,reported,,privacy_suppressed,,privacy_suppressed,,privacy_suppressed,,privacy_suppressed,,privacy_suppressed
115083,001205,Golden Gate University,"Private, nonprofit",30.71,Data Analytics.,5,Master's Degree,false,,not_available,4,reported,,not_available,,privacy_suppressed,,not_available,,not_available,,not_available
115083,001205,Golden Gate University,"Private, nonprofit",45.06,Economics.,5,Master's Degree,true,0,reported,0,reported,,privacy_suppressed,,privacy_suppressed,,privacy_suppressed,,privacy_suppressed,,privacy_suppressed
115083,001205,Golden Gate University,"Private, nonprofit",52.13,Management Sciences and Quantitative Methods.,5,Master's Degree,false,34,reported,26,reported,,privacy_suppressed,,privacy_suppressed,,privacy_suppressed,,privacy_suppressed,,privacy_suppressed
117946,011649,Loyola Marymount University,"Private, nonprofit",52.13,Management Sciences and Quantitative Methods.,5,Master's Degree,false,21,reported,28,reported,,privacy_suppressed,,privacy_suppressed,,privacy_suppressed,,privacy_suppressed,,privacy_suppressed
119605,011460,National University,"Private, nonprofit",27.05,Statistics.,5,Master's Degree,false,23,reported,27,reported,,privacy_suppressed,,privacy_suppressed,,privacy_suppressed,,privacy_suppressed,,privacy_suppressed
119605,011460,National University,"Private, nonprofit",52.13,Management Sciences and Quantitative Methods.,5,Master's Degree,false,1,reported,0,reported,,privacy_suppressed,,privacy_suppressed,,privacy_suppressed,,privacy_suppressed,,privacy_suppressed
120184,001179,Notre Dame de Namur University,"Private, nonprofit",52.13,Management Sciences and Quantitative Methods.,5,Master's Degree,false,,not_available,,not_available,,privacy_suppressed,,privacy_suppressed,,privacy_suppressed,,privacy_suppressed,,privacy_suppressed
120537,001252,Hope International University,"Private, nonprofit",45.06,Economics.,5,Master's Degree,true,0,reported,0,reported,,privacy_suppressed,,privacy_suppressed,,privacy_suppressed,,privacy_suppressed,,privacy_suppressed
120883,001329,University of the Pacific,"Private, nonprofit",30.70,Data Science.,5,Master's Degree,false,31,reported,31,reported,,privacy_suppressed,,privacy_suppressed,,privacy_suppressed,,privacy_suppressed,,privacy_suppressed
120883,001329,University of the Pacific,"Private, nonprofit",30.71,Data Analytics.,5,Master's Degree,false,,not_available,22,reported,,not_available,,privacy_suppressed,,not_available,,not_available,,not_available
120883,001329,University of the Pacific,"Private, nonprofit",52.13,Management Sciences and Quantitative Methods.,5,Master's Degree,false,5,reported,0,reported,,privacy_suppressed,,privacy_suppressed,,privacy_suppressed,,privacy_suppressed,,privacy_suppressed
121150,010149,Pepperdine University,"Private, nonprofit",52.13,Management Sciences and Quantitative Methods.,5,Master's Degree,false,61,reported,128,reported,,privacy_suppressed,,privacy_suppressed,,privacy_suppressed,,privacy_suppressed,,privacy_suppressed
121628,010441,RAND School of Public Policy,"Private, nonprofit",45.06,Economics.,5,Master's Degree,true,20,reported,24,reported,,privacy_suppressed,,privacy_suppressed,,privacy_suppressed,,privacy_suppressed,,privacy_suppressed
121691,001322,University of Redlands,"Private, nonprofit",52.13,Management Sciences and Quantitative Methods.,5,Master's Degree,false,6,reported,20,reported,,not_available,,privacy_suppressed,,not_available,,not_available,,not_available
122409,001151,San Diego State University,Public,27.05,Statistics.,5,Master's Degree,false,20,reported,16,reported,88511,reported,,privacy_suppressed,,privacy_suppressed,18,reported,,privacy_suppressed
122409,001151,San Diego State University,Public,45.06,Economics.,5,Master's Degree,true,8,reported,6,reported,,privacy_suppressed,,privacy_suppressed,,privacy_suppressed,,privacy_suppressed,,privacy_suppressed
122409,001151,San Diego State University,Public,52.13,Management Sciences and Quantitative Methods.,5,Master's Degree,false,15,reported,41,reported,,privacy_suppressed,,privacy_suppressed,,privacy_suppressed,,privacy_suppressed,,not_available
122436,010395,University of San Diego,"Private, nonprofit",30.70,Data Science.,5,Master's Degree,false,0,reported,56,reported,,privacy_suppressed,,privacy_suppressed,,privacy_suppressed,,privacy_suppressed,,not_available
122436,010395,University of San Diego,"Private, nonprofit",30.71,Data Analytics.,5,Master's Degree,false,21,reported,22,reported,,privacy_suppressed,,privacy_suppressed,,privacy_suppressed,,privacy_suppressed,,privacy_suppressed
122597,001154,San Francisco State University,Public,27.05,Statistics.,5,Master's Degree,false,4,reported,5,reported,,privacy_suppressed,,privacy_suppressed,,privacy_suppressed,,privacy_suppressed,,not_available
122597,001154,San Francisco State University,Public,45.06,Economics.,5,Master's Degree,true,5,reported,13,reported,,privacy_suppressed,,privacy_suppressed,,privacy_suppressed,,privacy_suppressed,,privacy_suppressed
122597,001154,San Francisco State University,Public,52.13,Management Sciences and Quantitative Methods.,5,Master's Degree,false,19,reported,26,reported,,privacy_suppressed,,privacy_suppressed,,privacy_suppressed,,privacy_suppressed,,privacy_suppressed
122612,001325,University of San Francisco,"Private, nonprofit",45.06,Economics.,5,Master's Degree,true,41,reported,45,reported,,privacy_suppressed,,privacy_suppressed,115251,reported,,privacy_suppressed,,privacy_suppressed
122612,001325,University of San Francisco,"Private, nonprofit",52.13,Management Sciences and Quantitative Methods.,5,Master's Degree,false,71,reported,131,reported,138031,reported,186732,reported,,privacy_suppressed,36,reported,38076,reported
122755,001155,San Jose State University,Public,27.05,Statistics.,5,Master's Degree,false,16,reported,14,reported,,privacy_suppressed,,privacy_suppressed,,privacy_suppressed,,privacy_suppressed,,privacy_suppressed
122755,001155,San Jose State University,Public,45.06,Economics.,5,Master's Degree,true,7,reported,18,reported,,privacy_suppressed,,privacy_suppressed,,privacy_suppressed,,privacy_suppressed,,privacy_suppressed
122755,001155,San Jose State University,Public,52.13,Management Sciences and Quantitative Methods.,5,Master's Degree,false,95,reported,128,reported,,privacy_suppressed,,privacy_suppressed,,privacy_suppressed,,privacy_suppressed,,privacy_suppressed
122931,001326,Santa Clara University,"Private, nonprofit",52.13,Management Sciences and Quantitative Methods.,5,Master's Degree,false,86,reported,108,reported,114501,reported,,privacy_suppressed,,privacy_suppressed,20,reported,,privacy_suppressed
123554,001302,Saint Mary's College of California,"Private, nonprofit",30.71,Data Analytics.,5,Master's Degree,false,,not_available,17,reported,,not_available,,privacy_suppressed,,not_available,,not_available,,not_available
123554,001302,Saint Mary's College of California,"Private, nonprofit",52.13,Management Sciences and Quantitative Methods.,5,Master's Degree,false,,not_available,11,reported,,not_available,,privacy_suppressed,,not_available,,not_available,,not_available
123961,001328,University of Southern California,"Private, nonprofit",27.05,Statistics.,5,Master's Degree,false,4,reported,5,reported,,privacy_suppressed,,privacy_suppressed,,privacy_suppressed,,privacy_suppressed,,privacy_suppressed
123961,001328,University of Southern California,"Private, nonprofit",45.06,Economics.,5,Master's Degree,true,156,reported,161,reported,,privacy_suppressed,,privacy_suppressed,,privacy_suppressed,,privacy_suppressed,,privacy_suppressed
123961,001328,University of Southern California,"Private, nonprofit",52.13,Management Sciences and Quantitative Methods.,5,Master's Degree,false,771,reported,1272,reported,120846,reported,158632,reported,148578,reported,183,reported,60405,reported
125231,025042,Walden University,"Private, for-profit",30.70,Data Science.,5,Master's Degree,false,7,reported,8,reported,,privacy_suppressed,,privacy_suppressed,,privacy_suppressed,,privacy_suppressed,,not_available
126562,004508,University of Colorado Denver/Anschutz Medical Campus,Public,27.05,Statistics.,5,Master's Degree,false,11,reported,7,reported,,privacy_suppressed,,privacy_suppressed,,privacy_suppressed,,privacy_suppressed,,privacy_suppressed
126562,004508,University of Colorado Denver/Anschutz Medical Campus,Public,45.06,Economics.,5,Master's Degree,true,11,reported,5,reported,,privacy_suppressed,,privacy_suppressed,,privacy_suppressed,,privacy_suppressed,,privacy_suppressed
126562,004508,University of Colorado Denver/Anschutz Medical Campus,Public,52.13,Management Sciences and Quantitative Methods.,5,Master's Degree,false,36,reported,129,reported,,privacy_suppressed,133594,reported,,privacy_suppressed,,privacy_suppressed,,privacy_suppressed
126614,001370,University of Colorado Boulder,Public,45.06,Economics.,5,Master's Degree,true,10,reported,10,reported,,privacy_suppressed,,privacy_suppressed,,privacy_suppressed,,privacy_suppressed,,privacy_suppressed
126614,001370,University of Colorado Boulder,Public,52.13,Management Sciences and Quantitative Methods.,5,Master's Degree,false,89,reported,93,reported,78807,reported,125007,reported,,privacy_suppressed,44,reported,33316,reported
126669,009401,Colorado Christian University,"Private, nonprofit",45.06,Economics.,5,Master's Degree,true,0,reported,0,reported,,privacy_suppressed,,privacy_suppressed,,privacy_suppressed,,privacy_suppressed,,privacy_suppressed
126775,001348,Colorado School of Mines,Public,30.70,Data Science.,5,Master's Degree,false,21,reported,12,reported,,privacy_suppressed,,privacy_suppressed,,privacy_suppressed,,privacy_suppressed,,privacy_suppressed
126775,001348,Colorado School of Mines,Public,45.06,Economics.,5,Master's Degree,true,29,reported,30,reported,,privacy_suppressed,,privacy_suppressed,128586,reported,,privacy_suppressed,,privacy_suppressed
126818,001350,Colorado State University-Fort Collins,Public,27.05,Statistics.,5,Master's Degree,false,1,reported,8,reported,88707,reported,,privacy_suppressed,,privacy_suppressed,23,reported,,privacy_suppressed
126818,001350,Colorado State University-Fort Collins,Public,27.06,Applied Statistics.,5,Master's Degree,false,38,reported,19,reported,,privacy_suppressed,,privacy_suppressed,,privacy_suppressed,,privacy_suppressed,,privacy_suppressed
126818,001350,Colorado State University-Fort Collins,Public,45.06,Economics.,5,Master's Degree,true,8,reported,8,reported,,privacy_suppressed,,privacy_suppressed,,privacy_suppressed,,privacy_suppressed,,privacy_suppressed
126818,001350,Colorado State University-Fort Collins,Public,52.13,Management Sciences and Quantitative Methods.,5,Master's Degree,false,19,reported,14,reported,,privacy_suppressed,,privacy_suppressed,,privacy_suppressed,,privacy_suppressed,,privacy_suppressed
127060,001371,University of Denver,"Private, nonprofit",45.06,Economics.,5,Master's Degree,true,51,reported,46,reported,60796,reported,82777,reported,69514,reported,35,reported,56942,reported
127060,001371,University of Denver,"Private, nonprofit",52.13,Management Sciences and Quantitative Methods.,5,Master's Degree,false,76,reported,88,reported,100676,reported,141132,reported,,privacy_suppressed,43,reported,51602,reported
128744,001416,University of Bridgeport,"Private, nonprofit",52.13,Management Sciences and Quantitative Methods.,5,Master's Degree,false,22,reported,34,reported,,privacy_suppressed,,privacy_suppressed,,privacy_suppressed,,privacy_suppressed,,privacy_suppressed
128771,001378,Central Connecticut State University,Public,52.13,Management Sciences and Quantitative Methods.,5,Master's Degree,false,8,reported,13,reported,,privacy_suppressed,,privacy_suppressed,,privacy_suppressed,,privacy_suppressed,,privacy_suppressed
129020,001417,University of Connecticut,Public,27.05,Statistics.,5,Master's Degree,false,6,reported,13,reported,,privacy_suppressed,,privacy_suppressed,,privacy_suppressed,,privacy_suppressed,,privacy_suppressed
129020,001417,University of Connecticut,Public,30.71,Data Analytics.,5,Master's Degree,false,,not_available,1,reported,,not_available,,privacy_suppressed,,not_available,,not_available,,not_available
129020,001417,University of Connecticut,Public,45.06,Economics.,5,Master's Degree,true,10,reported,14,reported,,privacy_suppressed,,privacy_suppressed,,privacy_suppressed,,privacy_suppressed,,privacy_suppressed
129020,001417,University of Connecticut,Public,52.13,Management Sciences and Quantitative Methods.,5,Master's Degree,false,193,reported,308,reported,98415,reported,150106,reported,122828,reported,38,reported,39217,reported
129242,001385,Fairfield University,"Private, nonprofit",30.70,Data Science.,5,Master's Degree,false,14,reported,11,reported,,not_available,,privacy_suppressed,,not_available,,not_available,,not_available
129242,001385,Fairfield University,"Private, nonprofit",30.71,Data Analytics.,5,Master's Degree,false,13,reported,13,reported,,not_available,,privacy_suppressed,,not_available,,not_available,,not_available
129242,001385,Fairfield University,"Private, nonprofit",52.13,Management Sciences and Quantitative Methods.,5,Master's Degree,false,20,reported,31,reported,,privacy_suppressed,,privacy_suppressed,,privacy_suppressed,,privacy_suppressed,,privacy_suppressed
129525,001422,University of Hartford,"Private, nonprofit",52.13,Management Sciences and Quantitative Methods.,5,Master's Degree,false,17,reported,14,reported,,privacy_suppressed,,privacy_suppressed,,privacy_suppressed,,privacy_suppressed,,privacy_suppressed
129941,001397,University of New Haven,"Private, nonprofit",52.13,Management Sciences and Quantitative Methods.,5,Master's Degree,false,40,reported,156,reported,,privacy_suppressed,,privacy_suppressed,,privacy_suppressed,,privacy_suppressed,,privacy_suppressed
130183,001401,Post University,"Private, for-profit",52.13,Management Sciences and Quantitative Methods.,5,Master's Degree,false,1,reported,0,reported,,not_available,,privacy_suppressed,,not_available,,not_available,,not_available
130226,001402,Quinnipiac University,"Private, nonprofit",30.71,Data Analytics.,5,Master's Degree,false,38,reported,50,reported,,not_available,,privacy_suppressed,,not_available,,not_available,,not_available
130226,001402,Quinnipiac University,"Private, nonprofit",52.13,Management Sciences and Quantitative Methods.,5,Master's Degree,false,,not_available,,not_available,115260,reported,144160,reported,,privacy_suppressed,40,reported,31400,reported
130253,001403,Sacred Heart University,"Private, nonprofit",52.13,Management Sciences and Quantitative Methods.,5,Master's Degree,false,14,reported,127,reported,,privacy_suppressed,,privacy_suppressed,,privacy_suppressed,,privacy_suppressed,,privacy_suppressed
130590,001414,Trinity College,"Private, nonprofit",45.06,Economics.,5,Master's Degree,true,0,reported,,not_available,,privacy_suppressed,,privacy_suppressed,,privacy_suppressed,,privacy_suppressed,,privacy_suppressed
130697,001424,Wesleyan University,"Private, nonprofit",45.06,Economics.,5,Master's Degree,true,0,reported,0,reported,,privacy_suppressed,,privacy_suppressed,,privacy_suppressed,,privacy_suppressed,,privacy_suppressed
130794,001426,Yale University,"Private, nonprofit",27.05,Statistics.,5,Master's Degree,false,32,reported,34,reported,,privacy_suppressed,,privacy_suppressed,,privacy_suppressed,,privacy_suppressed,,privacy_suppressed
130794,001426,Yale University,"Private, nonprofit",45.06,Economics.,5,Master's Degree,true,64,reported,72,reported,,privacy_suppressed,,privacy_suppressed,,privacy_suppressed,,privacy_suppressed,,privacy_suppressed
130943,001431,University of Delaware,Public,27.05,Statistics.,5,Master's Degree,false,19,reported,19,reported,,privacy_suppressed,,privacy_suppressed,,privacy_suppressed,,privacy_suppressed,,privacy_suppressed
130943,001431,University of Delaware,Public,27.06,Applied Statistics.,5,Master's Degree,false,11,reported,13,reported,,privacy_suppressed,,privacy_suppressed,,privacy_suppressed,,privacy_suppressed,,privacy_suppressed
130943,001431,University of Delaware,Public,30.70,Data Science.,5,Master's Degree,false,,not_available,18,reported,,not_available,,privacy_suppressed,,not_available,,not_available,,not_available
130943,001431,University of Delaware,Public,30.71,Data Analytics.,5,Master's Degree,false,15,reported,32,reported,,not_available,,privacy_suppressed,,not_available,,not_available,,not_available
130943,001431,University of Delaware,Public,45.06,Economics.,5,Master's Degree,true,10,reported,33,reported,,privacy_suppressed,,privacy_suppressed,,privacy_suppressed,,privacy_suppressed,,privacy_suppressed
130943,001431,University of Delaware,Public,52.13,Management Sciences and Quantitative Methods.,5,Master's Degree,false,11,reported,1,reported,,privacy_suppressed,,privacy_suppressed,,privacy_suppressed,,privacy_suppressed,,privacy_suppressed
130989,001429,Goldey-Beacom College,"Private, nonprofit",30.71,Data Analytics.,5,Master's Degree,false,,not_available,0,reported,,not_available,,privacy_suppressed,,not_available,,not_available,,not_available
130989,001429,Goldey-Beacom College,"Private, nonprofit",52.13,Management Sciences and Quantitative Methods.,5,Master's Degree,false,,not_available,0,reported,,not_available,,privacy_suppressed,,not_available,,not_available,,not_available
131113,007948,Wilmington University,"Private, nonprofit",52.13,Management Sciences and Quantitative Methods.,5,Master's Degree,false,15,reported,17,reported,,privacy_suppressed,,privacy_suppressed,,privacy_suppressed,,privacy_suppressed,,privacy_suppressed
131159,001434,American University,"Private, nonprofit",27.05,Statistics.,5,Master's Degree,false,6,reported,6,reported,,privacy_suppressed,,privacy_suppressed,,privacy_suppressed,,privacy_suppressed,,privacy_suppressed
131159,001434,American University,"Private, nonprofit",30.70,Data Science.,5,Master's Degree,false,,not_available,6,reported,,not_available,,privacy_suppressed,,not_available,,not_available,,not_available
131159,001434,American University,"Private, nonprofit",45.06,Economics.,5,Master's Degree,true,49,reported,50,reported,86903,reported,103169,reported,116157,reported,31,reported,46108,reported
131159,001434,American University,"Private, nonprofit",52.13,Management Sciences and Quantitative Methods.,5,Master's Degree,false,93,reported,66,reported,94453,reported,127356,reported,,privacy_suppressed,106,reported,51250,reported
131283,001437,The Catholic University of America,"Private, nonprofit",45.06,Economics.,5,Master's Degree,true,7,reported,6,reported,,privacy_suppressed,,privacy_suppressed,,privacy_suppressed,,privacy_suppressed,,privacy_suppressed
131283,001437,The Catholic University of America,"Private, nonprofit",52.13,Management Sciences and Quantitative Methods.,5,Master's Degree,false,0,reported,0,reported,,privacy_suppressed,,privacy_suppressed,,privacy_suppressed,,privacy_suppressed,,privacy_suppressed
131450,001443,Gallaudet University,"Private, nonprofit",45.06,Economics.,5,Master's Degree,true,4,reported,8,reported,,privacy_suppressed,,privacy_suppressed,,privacy_suppressed,,privacy_suppressed,,privacy_suppressed
131469,001444,George Washington University,"Private, nonprofit",27.05,Statistics.,5,Master's Degree,false,32,reported,43,reported,,privacy_suppressed,,privacy_suppressed,,privacy_suppressed,,privacy_suppressed,,privacy_suppressed
131469,001444,George Washington University,"Private, nonprofit",45.06,Economics.,5,Master's Degree,true,46,reported,62,reported,82787,reported,125847,reported,106178,reported,30,reported,41000,reported
131469,001444,George Washington University,"Private, nonprofit",52.13,Management Sciences and Quantitative Methods.,5,Master's Degree,false,61,reported,110,reported,,privacy_suppressed,,privacy_suppressed,,privacy_suppressed,,privacy_suppressed,,privacy_suppressed
131496,001445,Georgetown University,"Private, nonprofit",27.05,Statistics.,5,Master's Degree,false,34,reported,33,reported,112394,reported,143619,reported,,privacy_suppressed,23,reported,,privacy_suppressed
131496,001445,Georgetown University,"Private, nonprofit",45.06,Economics.,5,Master's Degree,true,88,reported,64,reported,79324,reported,99537,reported,104787,reported,50,reported,69649,reported
131496,001445,Georgetown University,"Private, nonprofit",52.13,Management Sciences and Quantitative Methods.,5,Master's Degree,false,240,reported,304,reported,173832,reported,,privacy_suppressed,,privacy_suppressed,41,reported,96000,reported
131520,001448,Howard University,"Private, nonprofit",45.06,Economics.,5,Master's Degree,true,5,reported,10,reported,,privacy_suppressed,,privacy_suppressed,,privacy_suppressed,,privacy_suppressed,,privacy_suppressed
132471,001466,Barry University,"Private, nonprofit",52.13,Management Sciences and Quantitative Methods.,5,Master's Degree,false,,not_available,177,reported,,not_available,,privacy_suppressed,,not_available,,not_available,,not_available
132903,003954,University of Central Florida,Public,27.05,Statistics.,5,Master's Degree,false,13,reported,18,reported,,privacy_suppressed,,privacy_suppressed,,privacy_suppressed,,privacy_suppressed,,privacy_suppressed
132903,003954,University of Central Florida,Public,30.71,Data Analytics.,5,Master's Degree,false,,not_available,0,reported,,not_available,,privacy_suppressed,,not_available,,not_available,,not_available
133553,001479,Embry-Riddle Aeronautical University-Daytona Beach,"Private, nonprofit",30.70,Data Science.,5,Master's Degree,false,4,reported,7,reported,,privacy_suppressed,,privacy_suppressed,,privacy_suppressed,,privacy_suppressed,,privacy_suppressed
133553,001479,Embry-Riddle Aeronautical University-Daytona Beach,"Private, nonprofit",30.71,Data Analytics.,5,Master's Degree,false,0,reported,1,reported,,not_available,,privacy_suppressed,,not_available,,not_available,,not_available
133669,001481,Florida Atlantic University,Public,30.70,Data Science.,5,Master's Degree,false,11,reported,22,reported,,not_available,,privacy_suppressed,,not_available,,not_available,,not_available
133669,001481,Florida Atlantic University,Public,30.71,Data Analytics.,5,Master's Degree,false,,not_available,3,reported,,not_available,,privacy_suppressed,,not_available,,not_available,,not_available
133669,001481,Florida Atlantic University,Public,45.06,Economics.,5,Master's Degree,true,9,reported,15,reported,,privacy_suppressed,,privacy_suppressed,,privacy_suppressed,,privacy_suppressed,,privacy_suppressed
133881,001469,Florida Institute of Technology,"Private, nonprofit",52.13,Management Sciences and Quantitative Methods.,5,Master's Degree,false,36,reported,21,reported,,privacy_suppressed,125197,reported,,privacy_suppressed,,privacy_suppressed,,privacy_suppressed
133951,009635,Florida International University,Public,27.05,Statistics.,5,Master's Degree,false,2,reported,1,reported,,privacy_suppressed,,privacy_suppressed,,privacy_suppressed,,privacy_suppressed,,privacy_suppressed
133951,009635,Florida International University,Public,45.06,Economics.,5,Master's Degree,true,6,reported,4,reported,,privacy_suppressed,,privacy_suppressed,,privacy_suppressed,,privacy_suppressed,,privacy_suppressed
133951,009635,Florida International University,Public,52.13,Management Sciences and Quantitative Methods.,5,Master's Degree,false,,not_available,27,reported,,not_available,,privacy_suppressed,,not_available,,not_available,,not_available
134079,001488,Florida Southern College,"Private, nonprofit",30.71,Data Analytics.,5,Master's Degree,false,,not_available,0,reported,,not_available,,privacy_suppressed,,not_available,,not_available,,not_available
134097,001489,Florida State University,Public,27.05,Statistics.,5,Master's Degree,false,25,reported,22,reported,,privacy_suppressed,,privacy_suppressed,,privacy_suppressed,,privacy_suppressed,,privacy_suppressed
134097,001489,Florida State University,Public,30.70,Data Science.,5,Master's Degree,false,1,reported,12,reported,,not_available,,privacy_suppressed,,not_available,,not_available,,not_available
134097,001489,Florida State University,Public,30.71,Data Analytics.,5,Master's Degree,false,20,reported,10,reported,,not_available,,privacy_suppressed,,not_available,,not_available,,not_available
134097,001489,Florida State University,Public,45.06,Economics.,5,Master's Degree,true,34,reported,23,reported,74592,reported,101636,reported,,privacy_suppressed,42,reported,20250,reported
134097,001489,Florida State University,Public,52.13,Management Sciences and Quantitative Methods.,5,Master's Degree,false,47,reported,83,reported,,privacy_suppressed,,privacy_suppressed,,privacy_suppressed,,privacy_suppressed,,privacy_suppressed
134130,001535,University of Florida,Public,27.05,Statistics.,5,Master's Degree,false,9,reported,4,reported,,privacy_suppressed,,privacy_suppressed,,privacy_suppressed,,privacy_suppressed,,privacy_suppressed
134130,001535,University of Florida,Public,45.06,Economics.,5,Master's Degree,true,27,reported,24,reported,,privacy_suppressed,,privacy_suppressed,,privacy_suppressed,,privacy_suppressed,,privacy_suppressed
134130,001535,University of Florida,Public,52.13,Management Sciences and Quantitative Methods.,5,Master's Degree,false,,not_available,,not_available,,privacy_suppressed,,privacy_suppressed,,privacy_suppressed,,privacy_suppressed,,privacy_suppressed
134945,001495,Jacksonville University,"Private, nonprofit",52.13,Management Sciences and Quantitative Methods.,5,Master's Degree,false,28,reported,16,reported,,privacy_suppressed,,privacy_suppressed,,privacy_suppressed,,privacy_suppressed,,privacy_suppressed
135726,001536,University of Miami,"Private, nonprofit",52.13,Management Sciences and Quantitative Methods.,5,Master's Degree,false,238,reported,162,reported,82321,reported,,privacy_suppressed,,privacy_suppressed,34,reported,45793,reported
136172,009841,University of North Florida,Public,30.71,Data Analytics.,5,Master's Degree,false,1,reported,31,reported,,not_available,,privacy_suppressed,,not_available,,not_available,,not_available
136215,001509,Nova Southeastern University,"Private, nonprofit",52.13,Management Sciences and Quantitative Methods.,5,Master's Degree,false,80,reported,48,reported,68202,reported,,privacy_suppressed,,privacy_suppressed,38,reported,51250,reported
137351,001537,University of South Florida,Public,27.05,Statistics.,5,Master's Degree,false,1,reported,6,reported,,privacy_suppressed,,privacy_suppressed,,privacy_suppressed,,privacy_suppressed,,privacy_suppressed
137351,001537,University of South Florida,Public,45.06,Economics.,5,Master's Degree,true,9,reported,3,reported,,privacy_suppressed,,privacy_suppressed,,privacy_suppressed,,privacy_suppressed,,privacy_suppressed
137847,001538,The University of Tampa,"Private, nonprofit",52.13,Management Sciences and Quantitative Methods.,5,Master's Degree,false,3,reported,10,reported,,not_available,,privacy_suppressed,,not_available,,not_available,,not_available
138309,008694,Rasmussen University-Florida,"Private, for-profit",52.13,Management Sciences and Quantitative Methods.,5,Master's Degree,false,,not_available,0,reported,,privacy_suppressed,,privacy_suppressed,,privacy_suppressed,,privacy_suppressed,,not_available
139658,001564,Emory University,"Private, nonprofit",45.06,Economics.,5,Master's Degree,true,17,reported,19,reported,69551,reported,74173,reported,,privacy_suppressed,19,reported,,privacy_suppressed
139658,001564,Emory University,"Private, nonprofit",52.13,Management Sciences and Quantitative Methods.,5,Master's Degree,false,79,reported,152,reported,,privacy_suppressed,,privacy_suppressed,,privacy_suppressed,,privacy_suppressed,,privacy_suppressed
139755,001569,Georgia Institute of Technology-Main Campus,Public,27.05,Statistics.,5,Master's Degree,false,17,reported,17,reported,,privacy_suppressed,,privacy_suppressed,,privacy_suppressed,,privacy_suppressed,,privacy_suppressed
139755,001569,Georgia Institute of Technology-Main Campus,Public,45.06,Economics.,5,Master's Degree,true,25,reported,32,reported,,privacy_suppressed,,privacy_suppressed,,privacy_suppressed,,privacy_suppressed,,privacy_suppressed
139755,001569,Georgia Institute of Technology-Main Campus,Public,52.13,Management Sciences and Quantitative Methods.,5,Master's Degree,false,896,reported,1456,reported,121795,reported,180530,reported,,privacy_suppressed,90,reported,31229,reported
139931,001572,Georgia Southern University,Public,45.06,Economics.,5,Master's Degree,true,4,reported,2,reported,,privacy_suppressed,,privacy_suppressed,,privacy_suppressed,,privacy_suppressed,,privacy_suppressed
139940,001574,Georgia State University,Public,45.06,Economics.,5,Master's Degree,true,38,reported,28,reported,57518,reported,95801,reported,,privacy_suppressed,27,reported,35049,reported
139940,001574,Georgia State University,Public,52.13,Management Sciences and Quantitative Methods.,5,Master's Degree,false,122,reported,202,reported,89008,reported,116144,reported,102701,reported,29,reported,41000,reported
139959,001598,University of Georgia,Public,27.05,Statistics.,5,Master's Degree,false,21,reported,30,reported,,privacy_suppressed,,privacy_suppressed,,privacy_suppressed,,privacy_suppressed,,privacy_suppressed
139959,001598,University of Georgia,Public,45.06,Economics.,5,Master's Degree,true,13,reported,28,reported,,privacy_suppressed,,privacy_suppressed,,privacy_suppressed,,privacy_suppressed,,not_available
139959,001598,University of Georgia,Public,52.13,Management Sciences and Quantitative Methods.,5,Master's Degree,false,104,reported,110,reported,82229,reported,,privacy_suppressed,,privacy_suppressed,27,reported,20250,reported
140447,001580,Mercer University,"Private, nonprofit",30.70,Data Science.,5,Master's Degree,false,0,reported,0,reported,,not_available,,privacy_suppressed,,not_available,,not_available,,not_available
140447,001580,Mercer University,"Private, nonprofit",52.13,Management Sciences and Quantitative Methods.,5,Master's Degree,false,46,reported,49,reported,84424,reported,103414,reported,,privacy_suppressed,25,reported,30750,reported
140951,021415,Savannah College of Art and Design,"Private, nonprofit",52.13,Management Sciences and Quantitative Methods.,5,Master's Degree,false,85,reported,108,reported,,not_available,,privacy_suppressed,,not_available,,not_available,,not_available
141574,001610,University of Hawaii at Manoa,Public,45.06,Economics.,5,Master's Degree,true,2,reported,14,reported,,privacy_suppressed,,privacy_suppressed,,privacy_suppressed,,privacy_suppressed,,privacy_suppressed
142115,001616,Boise State University,Public,45.06,Economics.,5,Master's Degree,true,7,reported,7,reported,,privacy_suppressed,,privacy_suppressed,,privacy_suppressed,,privacy_suppressed,,privacy_suppressed
142285,001626,University of Idaho,Public,27.05,Statistics.,5,Master's Degree,false,13,reported,6,reported,,privacy_suppressed,,privacy_suppressed,,privacy_suppressed,,privacy_suppressed,,privacy_suppressed
144050,001774,University of Chicago,"Private, nonprofit",27.05,Statistics.,5,Master's Degree,false,276,reported,70,reported,115925,reported,161842,reported,171616,reported,64,reported,48437,reported
144050,001774,University of Chicago,"Private, nonprofit",30.71,Data Analytics.,5,Master's Degree,false,,not_available,251,reported,,not_available,,privacy_suppressed,,not_available,,not_available,,not_available
144050,001774,University of Chicago,"Private, nonprofit",45.06,Economics.,5,Master's Degree,true,77,reported,78,reported,,privacy_suppressed,,privacy_suppressed,,privacy_suppressed,,privacy_suppressed,,privacy_suppressed
144050,001774,University of Chicago,"Private, nonprofit",52.13,Management Sciences and Quantitative Methods.,5,Master's Degree,false,1305,reported,1236,reported,190915,reported,,privacy_suppressed,,privacy_suppressed,288,reported,52045,reported
144740,001671,DePaul University,"Private, nonprofit",27.05,Statistics.,5,Master's Degree,false,0,reported,0,reported,87313,reported,,privacy_suppressed,,privacy_suppressed,17,reported,,privacy_suppressed
144740,001671,DePaul University,"Private, nonprofit",27.06,Applied Statistics.,5,Master's Degree,false,14,reported,9,reported,,privacy_suppressed,,privacy_suppressed,,privacy_suppressed,,privacy_suppressed,,privacy_suppressed
144740,001671,DePaul University,"Private, nonprofit",30.71,Data Analytics.,5,Master's Degree,false,90,reported,81,reported,,privacy_suppressed,,privacy_suppressed,,privacy_suppressed,,privacy_suppressed,,privacy_suppressed
144740,001671,DePaul University,"Private, nonprofit",45.06,Economics.,5,Master's Degree,true,19,reported,13,reported,69682,reported,117154,reported,103046,reported,29,reported,25705,reported
144740,001671,DePaul University,"Private, nonprofit",52.13,Management Sciences and Quantitative Methods.,5,Master's Degree,false,30,reported,49,reported,73882,reported,,privacy_suppressed,,privacy_suppressed,22,reported,41000,reported
144892,001674,Eastern Illinois University,Public,45.06,Economics.,5,Master's Degree,true,5,reported,2,reported,,privacy_suppressed,,privacy_suppressed,,privacy_suppressed,,privacy_suppressed,,privacy_suppressed
144962,001676,Elmhurst University,"Private, nonprofit",52.13,Management Sciences and Quantitative Methods.,5,Master's Degree,false,36,reported,32,reported,88979,reported,117787,reported,,privacy_suppressed,39,reported,27235,reported
145336,009145,Governors State University,Public,52.13,Management Sciences and Quantitative Methods.,5,Master's Degree,false,4,reported,25,reported,,not_available,,privacy_suppressed,,not_available,,not_available,,not_available
145600,001776,University of Illinois Chicago,Public,27.05,Statistics.,5,Master's Degree,false,10,reported,9,reported,,privacy_suppressed,,privacy_suppressed,,privacy_suppressed,,privacy_suppressed,,privacy_suppressed
145600,001776,University of Illinois Chicago,Public,45.06,Economics.,5,Master's Degree,true,9,reported,13,reported,,privacy_suppressed,,privacy_suppressed,,privacy_suppressed,,privacy_suppressed,,privacy_suppressed
145600,001776,University of Illinois Chicago,Public,52.13,Management Sciences and Quantitative Methods.,5,Master's Degree,false,92,reported,230,reported,92010,reported,125094,reported,,privacy_suppressed,29,reported,,privacy_suppressed
145619,001767,Benedictine University,"Private, nonprofit",52.13,Management Sciences and Quantitative Methods.,5,Master's Degree,false,8,reported,6,reported,,privacy_suppressed,,privacy_suppressed,,privacy_suppressed,,privacy_suppressed,,privacy_suppressed
145637,001775,University of Illinois Urbana-Champaign,Public,27.05,Statistics.,5,Master's Degree,false,53,reported,103,reported,,privacy_suppressed,,privacy_suppressed,,privacy_suppressed,,privacy_suppressed,,privacy_suppressed
145637,001775,University of Illinois Urbana-Champaign,Public,30.70,Data Science.,5,Master's Degree,false,,not_available,4,reported,,not_available,,privacy_suppressed,,not_available,,not_available,,not_available
145637,001775,University of Illinois Urbana-Champaign,Public,30.71,Data Analytics.,5,Master's Degree,false,20,reported,96,reported,,not_available,,privacy_suppressed,,not_available,,not_available,,not_available
145637,001775,University of Illinois Urbana-Champaign,Public,45.06,Economics.,5,Master's Degree,true,77,reported,104,reported,,privacy_suppressed,,privacy_suppressed,,privacy_suppressed,,privacy_suppressed,,privacy_suppressed
145637,001775,University of Illinois Urbana-Champaign,Public,52.13,Management Sciences and Quantitative Methods.,5,Master's Degree,false,963,reported,1070,reported,72105,reported,106780,reported,,privacy_suppressed,224,reported,31128,reported
145725,001691,Illinois Institute of Technology,"Private, nonprofit",45.06,Economics.,5,Master's Degree,true,,not_available,0,reported,,not_available,,privacy_suppressed,,not_available,,not_available,,not_available
145725,001691,Illinois Institute of Technology,"Private, nonprofit",52.13,Management Sciences and Quantitative Methods.,5,Master's Degree,false,19,reported,55,reported,,privacy_suppressed,,privacy_suppressed,,privacy_suppressed,,privacy_suppressed,,privacy_suppressed
145813,001692,Illinois State University,Public,30.71,Data Analytics.,5,Master's Degree,false,,not_available,0,reported,,not_available,,privacy_suppressed,,not_available,,not_available,,not_available
145813,001692,Illinois State University,Public,45.06,Economics.,5,Master's Degree,true,6,reported,17,reported,,privacy_suppressed,,privacy_suppressed,,privacy_suppressed,,privacy_suppressed,,privacy_suppressed
145813,001692,Illinois State University,Public,52.13,Management Sciences and Quantitative Methods.,5,Master's Degree,false,,not_available,19,reported,,not_available,,privacy_suppressed,,not_available,,not_available,,not_available
146612,001707,Lewis University,"Private, nonprofit",30.70,Data Science.,5,Master's Degree,false,,not_available,0,reported,,not_available,,privacy_suppressed,,not_available,,not_available,,not_available
146612,001707,Lewis University,"Private, nonprofit",52.13,Management Sciences and Quantitative Methods.,5,Master's Degree,false,18,reported,144,reported,,privacy_suppressed,87205,reported,,privacy_suppressed,,privacy_suppressed,,privacy_suppressed
146719,001710,Loyola University Chicago,"Private, nonprofit",27.05,Statistics.,5,Master's Degree,false,15,reported,12,reported,74337,reported,111280,reported,,privacy_suppressed,16,reported,,privacy_suppressed
146719,001710,Loyola University Chicago,"Private, nonprofit",52.13,Management Sciences and Quantitative Methods.,5,Master's Degree,false,98,reported,90,reported,,privacy_suppressed,,privacy_suppressed,,privacy_suppressed,,privacy_suppressed,,privacy_suppressed
147660,001734,North Central College,"Private, nonprofit",45.06,Economics.,5,Master's Degree,true,0,reported,0,reported,,not_available,,privacy_suppressed,,not_available,,not_available,,not_available
147703,001737,Northern Illinois University,Public,27.05,Statistics.,5,Master's Degree,false,3,reported,6,reported,,privacy_suppressed,,privacy_suppressed,,privacy_suppressed,,privacy_suppressed,,privacy_suppressed
147703,001737,Northern Illinois University,Public,45.06,Economics.,5,Master's Degree,true,4,reported,2,reported,,privacy_suppressed,,privacy_suppressed,,privacy_suppressed,,privacy_suppressed,,privacy_suppressed
147703,001737,Northern Illinois University,Public,52.13,Management Sciences and Quantitative Methods.,5,Master's Degree,false,129,reported,118,reported,,privacy_suppressed,,privacy_suppressed,,privacy_suppressed,,privacy_suppressed,,privacy_suppressed
147767,001739,Northwestern University,"Private, nonprofit",27.05,Statistics.,5,Master's Degree,false,18,reported,8,reported,,privacy_suppressed,,privacy_suppressed,,privacy_suppressed,,privacy_suppressed,,privacy_suppressed
147767,001739,Northwestern University,"Private, nonprofit",45.06,Economics.,5,Master's Degree,true,55,reported,64,reported,,privacy_suppressed,,privacy_suppressed,,privacy_suppressed,,privacy_suppressed,,privacy_suppressed
147767,001739,Northwestern University,"Private, nonprofit",52.13,Management Sciences and Quantitative Methods.,5,Master's Degree,false,1665,reported,2055,reported,140444,reported,180186,reported,162247,reported,279,reported,42454,reported
148487,001749,Roosevelt University,"Private, nonprofit",45.06,Economics.,5,Master's Degree,true,5,reported,1,reported,,privacy_suppressed,,privacy_suppressed,,privacy_suppressed,,privacy_suppressed,,privacy_suppressed
148487,001749,Roosevelt University,"Private, nonprofit",52.13,Management Sciences and Quantitative Methods.,5,Master's Degree,false,3,reported,3,reported,,privacy_suppressed,,privacy_suppressed,,privacy_suppressed,,privacy_suppressed,,privacy_suppressed
148584,001664,University of St Francis,"Private, nonprofit",52.13,Management Sciences and Quantitative Methods.,5,Master's Degree,false,20,reported,7,reported,,privacy_suppressed,,privacy_suppressed,,privacy_suppressed,,privacy_suppressed,,privacy_suppressed
148627,001768,Saint Xavier University,"Private, nonprofit",52.13,Management Sciences and Quantitative Methods.,5,Master's Degree,false,0,reported,2,reported,,privacy_suppressed,,privacy_suppressed,,privacy_suppressed,,privacy_suppressed,,privacy_suppressed
149222,001758,Southern Illinois University-Carbondale,Public,45.06,Economics.,5,Master's Degree,true,2,reported,8,reported,,privacy_suppressed,,privacy_suppressed,,privacy_suppressed,,privacy_suppressed,,privacy_suppressed
149222,001758,Southern Illinois University-Carbondale,Public,52.13,Management Sciences and Quantitative Methods.,5,Master's Degree,false,32,reported,17,reported,,privacy_suppressed,,privacy_suppressed,,privacy_suppressed,,privacy_suppressed,,not_available
149231,001759,Southern Illinois University Edwardsville,Public,45.06,Economics.,5,Master's Degree,true,,not_available,,not_available,,privacy_suppressed,,privacy_suppressed,,privacy_suppressed,,privacy_suppressed,,privacy_suppressed
149772,001780,Western Illinois University,Public,27.05,Statistics.,5,Master's Degree,false,24,reported,55,reported,,privacy_suppressed,,privacy_suppressed,,privacy_suppressed,,privacy_suppressed,,privacy_suppressed
149772,001780,Western Illinois University,Public,45.06,Economics.,5,Master's Degree,true,9,reported,13,reported,,privacy_suppressed,,privacy_suppressed,,privacy_suppressed,,privacy_suppressed,,privacy_suppressed
149772,001780,Western Illinois University,Public,52.13,Management Sciences and Quantitative Methods.,5,Master's Degree,false,,not_available,,not_available,,privacy_suppressed,,privacy_suppressed,,privacy_suppressed,,privacy_suppressed,,privacy_suppressed
150136,001786,Ball State University,Public,27.05,Statistics.,5,Master's Degree,false,8,reported,10,reported,,privacy_suppressed,,privacy_suppressed,,privacy_suppressed,,privacy_suppressed,,privacy_suppressed
150136,001786,Ball State University,Public,52.13,Management Sciences and Quantitative Methods.,5,Master's Degree,false,6,reported,6,reported,,privacy_suppressed,,privacy_suppressed,,privacy_suppressed,,privacy_suppressed,,privacy_suppressed
150163,001788,Butler University,"Private, nonprofit",30.71,Data Analytics.,5,Master's Degree,false,0,reported,0,reported,,privacy_suppressed,,privacy_suppressed,,privacy_suppressed,,privacy_suppressed,,not_available
150163,001788,Butler University,"Private, nonprofit",52.13,Management Sciences and Quantitative Methods.,5,Master's Degree,false,10,reported,14,reported,,privacy_suppressed,,privacy_suppressed,,privacy_suppressed,,privacy_suppressed,,privacy_suppressed
151111,001813,Indiana University-Indianapolis,Public,45.06,Economics.,5,Master's Degree,true,3,reported,0,reported,,privacy_suppressed,,privacy_suppressed,,privacy_suppressed,,privacy_suppressed,,privacy_suppressed
151263,001804,University of Indianapolis,"Private, nonprofit",52.13,Management Sciences and Quantitative Methods.,5,Master's Degree,false,21,reported,23,reported,,privacy_suppressed,,privacy_suppressed,,privacy_suppressed,,privacy_suppressed,,not_available
151290,001805,Indiana Institute of Technology,"Private, nonprofit",52.13,Management Sciences and Quantitative Methods.,5,Master's Degree,false,,not_available,0,reported,,not_available,,privacy_suppressed,,not_available,,not_available,,not_available
151351,001809,Indiana University-Bloomington,Public,27.05,Statistics.,5,Master's Degree,false,13,reported,7,reported,,privacy_suppressed,,privacy_suppressed,,privacy_suppressed,,privacy_suppressed,,privacy_suppressed
151351,001809,Indiana University-Bloomington,Public,45.06,Economics.,5,Master's Degree,true,7,reported,9,reported,,privacy_suppressed,,privacy_suppressed,,privacy_suppressed,,privacy_suppressed,,privacy_suppressed
151351,001809,Indiana University-Bloomington,Public,52.13,Management Sciences and Quantitative Methods.,5,Master's Degree,false,112,reported,173,reported,130003,reported,,privacy_suppressed,,privacy_suppressed,62,reported,58590,reported
152080,001840,University of Notre Dame,"Private, nonprofit",45.06,Economics.,5,Master's Degree,true,1,reported,11,reported,,privacy_suppressed,,privacy_suppressed,,privacy_suppressed,,privacy_suppressed,,privacy_suppressed
152080,001840,University of Notre Dame,"Private, nonprofit",52.13,Management Sciences and Quantitative Methods.,5,Master's Degree,false,224,reported,306,reported,,privacy_suppressed,,privacy_suppressed,,privacy_suppressed,,privacy_suppressed,,privacy_suppressed
152336,001832,University of Saint Francis-Fort Wayne,"Private, nonprofit",52.13,Management Sciences and Quantitative Methods.,5,Master's Degree,false,,not_available,0,reported,,not_available,,privacy_suppressed,,not_available,,not_available,,not_available
152390,001836,Saint Mary's College,"Private, nonprofit",30.70,Data Science.,5,Master's Degree,false,3,reported,9,reported,,privacy_suppressed,,privacy_suppressed,,privacy_suppressed,,privacy_suppressed,,privacy_suppressed
152600,001842,Valparaiso University,"Private, nonprofit",45.06,Economics.,5,Master's Degree,true,6,reported,2,reported,,privacy_suppressed,,privacy_suppressed,,privacy_suppressed,,privacy_suppressed,,privacy_suppressed
153269,001860,Drake University,"Private, nonprofit",30.71,Data Analytics.,5,Master's Degree,false,21,reported,18,reported,,privacy_suppressed,,privacy_suppressed,,privacy_suppressed,,privacy_suppressed,,privacy_suppressed
153366,001866,Graceland University-Lamoni,"Private, nonprofit",27.05,Statistics.,5,Master's Degree,false,0,reported,5,reported,,privacy_suppressed,,privacy_suppressed,,privacy_suppressed,,privacy_suppressed,,not_available
153603,001869,Iowa State University,Public,27.05,Statistics.,5,Master's Degree,false,10,reported,12,reported,,privacy_suppressed,130131,reported,,privacy_suppressed,,privacy_suppressed,,privacy_suppressed
153603,001869,Iowa State University,Public,45.06,Economics.,5,Master's Degree,true,10,reported,7,reported,,privacy_suppressed,,privacy_suppressed,,privacy_suppressed,,privacy_suppressed,,privacy_suppressed
153603,001869,Iowa State University,Public,52.13,Management Sciences and Quantitative Methods.,5,Master's Degree,false,8,reported,7,reported,,privacy_suppressed,,privacy_suppressed,,privacy_suppressed,,privacy_suppressed,,privacy_suppressed
153658,001892,University of Iowa,Public,27.05,Statistics.,5,Master's Degree,false,4,reported,13,reported,,privacy_suppressed,,privacy_suppressed,,privacy_suppressed,,privacy_suppressed,,privacy_suppressed
153658,001892,University of Iowa,Public,30.70,Data Science.,5,Master's Degree,false,0,reported,0,reported,,not_available,,privacy_suppressed,,not_available,,not_available,,not_available
153658,001892,University of Iowa,Public,45.06,Economics.,5,Master's Degree,true,1,reported,0,reported,,privacy_suppressed,,privacy_suppressed,,privacy_suppressed,,privacy_suppressed,,privacy_suppressed
153658,001892,University of Iowa,Public,52.13,Management Sciences and Quantitative Methods.,5,Master's Degree,false,148,reported,141,reported,99669,reported,115346,reported,,privacy_suppressed,79,reported,30471,reported
153825,001873,Loras College,"Private, nonprofit",30.71,Data Analytics.,5,Master's Degree,false,9,reported,7,reported,,not_available,,privacy_suppressed,,not_available,,not_available,,not_available
154095,001890,University of Northern Iowa,Public,52.13,Management Sciences and Quantitative Methods.,5,Master's Degree,false,26,reported,17,reported,,not_available,,privacy_suppressed,,not_available,,not_available,,not_available
155317,001948,University of Kansas,Public,27.05,Statistics.,5,Master's Degree,false,0,reported,0,reported,88964,reported,,privacy_suppressed,,privacy_suppressed,18,reported,,privacy_suppressed
155317,001948,University of Kansas,Public,27.06,Applied Statistics.,5,Master's Degree,false,41,reported,28,reported,,privacy_suppressed,,privacy_suppressed,,privacy_suppressed,,privacy_suppressed,,privacy_suppressed
155317,001948,University of Kansas,Public,45.06,Economics.,5,Master's Degree,true,8,reported,9,reported,,privacy_suppressed,,privacy_suppressed,,privacy_suppressed,,privacy_suppressed,,privacy_suppressed
155317,001948,University of Kansas,Public,52.13,Management Sciences and Quantitative Methods.,5,Master's Degree,false,17,reported,29,reported,,privacy_suppressed,,privacy_suppressed,,privacy_suppressed,,privacy_suppressed,,not_available
155399,001928,Kansas State University,Public,27.05,Statistics.,5,Master's Degree,false,4,reported,4,reported,,privacy_suppressed,,privacy_suppressed,,privacy_suppressed,,privacy_suppressed,,privacy_suppressed
155399,001928,Kansas State University,Public,45.06,Economics.,5,Master's Degree,true,7,reported,3,reported,,privacy_suppressed,,privacy_suppressed,,privacy_suppressed,,privacy_suppressed,,privacy_suppressed
155399,001928,Kansas State University,Public,52.13,Management Sciences and Quantitative Methods.,5,Master's Degree,false,25,reported,32,reported,,privacy_suppressed,,privacy_suppressed,,privacy_suppressed,,privacy_suppressed,,privacy_suppressed
156125,001950,Wichita State University,Public,45.06,Economics.,5,Master's Degree,true,,not_available,5,reported,,not_available,,privacy_suppressed,,not_available,,not_available,,not_available
156125,001950,Wichita State University,Public,52.13,Management Sciences and Quantitative Methods.,5,Master's Degree,false,20,reported,55,reported,,privacy_suppressed,,privacy_suppressed,,privacy_suppressed,,privacy_suppressed,,privacy_suppressed
156356,001958,Brescia University,"Private, nonprofit",52.13,Management Sciences and Quantitative Methods.,5,Master's Degree,false,,not_available,,not_available,,privacy_suppressed,,privacy_suppressed,,privacy_suppressed,,privacy_suppressed,,privacy_suppressed
156541,001962,University of the Cumberlands,"Private, nonprofit",52.13,Management Sciences and Quantitative Methods.,5,Master's Degree,false,375,reported,351,reported,,privacy_suppressed,,privacy_suppressed,,privacy_suppressed,,privacy_suppressed,,privacy_suppressed
156620,001963,Eastern Kentucky University,Public,27.05,Statistics.,5,Master's Degree,false,4,reported,9,reported,,privacy_suppressed,,privacy_suppressed,,privacy_suppressed,,privacy_suppressed,,privacy_suppressed
157085,001989,University of Kentucky,Public,27.05,Statistics.,5,Master's Degree,false,7,reported,9,reported,,privacy_suppressed,,privacy_suppressed,,privacy_suppressed,,privacy_suppressed,,privacy_suppressed
157085,001989,University of Kentucky,Public,27.06,Applied Statistics.,5,Master's Degree,false,6,reported,9,reported,,privacy_suppressed,,privacy_suppressed,,privacy_suppressed,,privacy_suppressed,,privacy_suppressed
157085,001989,University of Kentucky,Public,30.70,Data Science.,5,Master's Degree,false,4,reported,7,reported,,privacy_suppressed,,privacy_suppressed,,privacy_suppressed,,privacy_suppressed,,not_available
157085,001989,University of Kentucky,Public,45.06,Economics.,5,Master's Degree,true,2,reported,2,reported,,privacy_suppressed,,privacy_suppressed,,privacy_suppressed,,privacy_suppressed,,privacy_suppressed
157085,001989,University of Kentucky,Public,52.13,Management Sciences and Quantitative Methods.,5,Master's Degree,false,11,reported,19,reported,,not_available,,privacy_suppressed,,not_available,,not_available,,not_available
157216,001972,Lindsey Wilson University,"Private, nonprofit",30.70,Data Science.,5,Master's Degree,false,,not_available,0,reported,,not_available,,privacy_suppressed,,not_available,,not_available,,not_available
157289,001999,University of Louisville,Public,52.13,Management Sciences and Quantitative Methods.,5,Master's Degree,false,97,reported,112,reported,82630,reported,,privacy_suppressed,,privacy_suppressed,31,reported,30750,reported
157401,001977,Murray State University,Public,45.06,Economics.,5,Master's Degree,true,3,reported,8,reported,,privacy_suppressed,,privacy_suppressed,,privacy_suppressed,,privacy_suppressed,,privacy_suppressed
157863,001988,Union Commonwealth University,"Private, nonprofit",52.13,Management Sciences and Quantitative Methods.,5,Master's Degree,false,,not_available,0,reported,,not_available,,privacy_suppressed,,not_available,,not_available,,not_available
157951,002002,Western Kentucky University,Public,45.06,Economics.,5,Master's Degree,true,13,reported,9,reported,,privacy_suppressed,,privacy_suppressed,,privacy_suppressed,,privacy_suppressed,,privacy_suppressed
159391,002010,Louisiana State University and Agricultural & Mechanical College,Public,27.05,Statistics.,5,Master's Degree,false,4,reported,9,reported,,privacy_suppressed,,privacy_suppressed,,privacy_suppressed,,privacy_suppressed,,privacy_suppressed
159391,002010,Louisiana State University and Agricultural & Mechanical College,Public,45.06,Economics.,5,Master's Degree,true,11,reported,3,reported,,privacy_suppressed,,privacy_suppressed,,privacy_suppressed,,privacy_suppressed,,privacy_suppressed
159391,002010,Louisiana State University and Agricultural & Mechanical College,Public,52.13,Management Sciences and Quantitative Methods.,5,Master's Degree,false,21,reported,26,reported,93988,reported,108539,reported,,privacy_suppressed,25,reported,28057,reported
160755,002029,Tulane University of Louisiana,"Private, nonprofit",27.05,Statistics.,5,Master's Degree,false,3,reported,2,reported,,privacy_suppressed,,privacy_suppressed,,privacy_suppressed,,privacy_suppressed,,privacy_suppressed
160755,002029,Tulane University of Louisiana,"Private, nonprofit",45.06,Economics.,5,Master's Degree,true,8,reported,6,reported,,privacy_suppressed,,privacy_suppressed,,privacy_suppressed,,privacy_suppressed,,privacy_suppressed
160755,002029,Tulane University of Louisiana,"Private, nonprofit",52.13,Management Sciences and Quantitative Methods.,5,Master's Degree,false,221,reported,223,reported,76946,reported,122230,reported,,privacy_suppressed,71,reported,73344,reported
161253,002053,University of Maine,Public,27.05,Statistics.,5,Master's Degree,false,2,reported,4,reported,,privacy_suppressed,,privacy_suppressed,,privacy_suppressed,,privacy_suppressed,,privacy_suppressed
161253,002053,University of Maine,Public,45.06,Economics.,5,Master's Degree,true,13,reported,7,reported,,privacy_suppressed,,privacy_suppressed,,privacy_suppressed,,privacy_suppressed,,privacy_suppressed
161253,002053,University of Maine,Public,52.13,Management Sciences and Quantitative Methods.,5,Master's Degree,false,132,reported,172,reported,,privacy_suppressed,,privacy_suppressed,,privacy_suppressed,,privacy_suppressed,,not_available
161554,002054,University of Southern Maine,Public,27.05,Statistics.,5,Master's Degree,false,7,reported,4,reported,,privacy_suppressed,,privacy_suppressed,,privacy_suppressed,,privacy_suppressed,,privacy_suppressed
161554,002054,University of Southern Maine,Public,30.70,Data Science.,5,Master's Degree,false,0,reported,0,reported,,not_available,,privacy_suppressed,,not_available,,not_available,,not_available
161873,002102,University of Baltimore,Public,30.71,Data Analytics.,5,Master's Degree,false,,not_available,8,reported,,not_available,,privacy_suppressed,,not_available,,not_available,,not_available
162061,001436,Capitol Technology University,"Private, nonprofit",52.13,Management Sciences and Quantitative Methods.,5,Master's Degree,false,2,reported,0,reported,,privacy_suppressed,,privacy_suppressed,,privacy_suppressed,,privacy_suppressed,,privacy_suppressed
162928,002077,Johns Hopkins University,"Private, nonprofit",27.05,Statistics.,5,Master's Degree,false,89,reported,140,reported,,privacy_suppressed,,privacy_suppressed,,privacy_suppressed,,privacy_suppressed,,privacy_suppressed
162928,002077,Johns Hopkins University,"Private, nonprofit",27.06,Applied Statistics.,5,Master's Degree,false,,not_available,12,reported,,not_available,,privacy_suppressed,,not_available,,not_available,,not_available
162928,002077,Johns Hopkins University,"Private, nonprofit",45.06,Economics.,5,Master's Degree,true,310,reported,393,reported,100054,reported,138425,reported,139377,reported,105,reported,35445,reported
162928,002077,Johns Hopkins University,"Private, nonprofit",52.13,Management Sciences and Quantitative Methods.,5,Master's Degree,false,660,reported,1008,reported,,privacy_suppressed,,privacy_suppressed,,privacy_suppressed,,privacy_suppressed,,privacy_suppressed
163204,011644,University of Maryland Global Campus,Public,52.13,Management Sciences and Quantitative Methods.,5,Master's Degree,false,113,reported,78,reported,109129,reported,124708,reported,113045,reported,101,reported,44950,reported
163268,002105,University of Maryland-Baltimore County,Public,27.05,Statistics.,5,Master's Degree,false,2,reported,3,reported,,privacy_suppressed,,privacy_suppressed,,privacy_suppressed,,privacy_suppressed,,privacy_suppressed
163268,002105,University of Maryland-Baltimore County,Public,45.06,Economics.,5,Master's Degree,true,3,reported,4,reported,,privacy_suppressed,,privacy_suppressed,,privacy_suppressed,,privacy_suppressed,,privacy_suppressed
163286,002103,University of Maryland-College Park,Public,27.05,Statistics.,5,Master's Degree,false,8,reported,8,reported,,privacy_suppressed,,privacy_suppressed,,privacy_suppressed,,privacy_suppressed,,privacy_suppressed
163286,002103,University of Maryland-College Park,Public,45.06,Economics.,5,Master's Degree,true,92,reported,119,reported,79163,reported,,privacy_suppressed,,privacy_suppressed,18,reported,,privacy_suppressed
163286,002103,University of Maryland-College Park,Public,52.13,Management Sciences and Quantitative Methods.,5,Master's Degree,false,164,reported,406,reported,64607,reported,,privacy_suppressed,,privacy_suppressed,17,reported,,privacy_suppressed
163338,002106,University of Maryland Eastern Shore,Public,52.13,Management Sciences and Quantitative Methods.,5,Master's Degree,false,,not_available,0,reported,,not_available,,privacy_suppressed,,not_available,,not_available,,not_available
163453,002083,Morgan State University,Public,45.06,Economics.,5,Master's Degree,true,0,reported,0,reported,,privacy_suppressed,,privacy_suppressed,,privacy_suppressed,,privacy_suppressed,,privacy_suppressed
164076,002099,Towson University,Public,52.13,Management Sciences and Quantitative Methods.,5,Master's Degree,false,38,reported,47,reported,,privacy_suppressed,,privacy_suppressed,,privacy_suppressed,,privacy_suppressed,,privacy_suppressed
164270,002109,McDaniel College,"Private, nonprofit",52.13,Management Sciences and Quantitative Methods.,5,Master's Degree,false,2,reported,22,reported,,privacy_suppressed,,privacy_suppressed,,privacy_suppressed,,privacy_suppressed,,privacy_suppressed
164368,041432,Hult International Business School,"Private, nonprofit",30.71,Data Analytics.,5,Master's Degree,false,214,reported,144,reported,,not_available,,privacy_suppressed,,not_available,,not_available,,not_available
164368,041432,Hult International Business School,"Private, nonprofit",52.13,Management Sciences and Quantitative Methods.,5,Master's Degree,false,,not_available,,not_available,52115,reported,,privacy_suppressed,,privacy_suppressed,22,reported,80511,reported
164562,002118,Assumption University,"Private, nonprofit",52.13,Management Sciences and Quantitative Methods.,5,Master's Degree,false,,not_available,,not_available,59952,reported,,privacy_suppressed,,privacy_suppressed,19,reported,,privacy_suppressed
164580,002121,Babson College,"Private, nonprofit",52.13,Management Sciences and Quantitative Methods.,5,Master's Degree,false,28,reported,40,reported,,privacy_suppressed,,privacy_suppressed,,privacy_suppressed,,privacy_suppressed,,privacy_suppressed
164632,002122,Bay Path University,"Private, nonprofit",52.13,Management Sciences and Quantitative Methods.,5,Master's Degree,false,10,reported,12,reported,,privacy_suppressed,,privacy_suppressed,,privacy_suppressed,,privacy_suppressed,,privacy_suppressed
164739,002124,Bentley University,"Private, nonprofit",52.13,Management Sciences and Quantitative Methods.,5,Master's Degree,false,103,reported,103,reported,89107,reported,130975,reported,116933,reported,42,reported,31760,reported
164924,002128,Boston College,"Private, nonprofit",30.71,Data Analytics.,5,Master's Degree,false,,not_available,2,reported,,not_available,,privacy_suppressed,,not_available,,not_available,,not_available
164924,002128,Boston College,"Private, nonprofit",45.06,Economics.,5,Master's Degree,true,83,reported,89,reported,74067,reported,,privacy_suppressed,,privacy_suppressed,17,reported,,privacy_suppressed
164988,002130,Boston University,"Private, nonprofit",27.05,Statistics.,5,Master's Degree,false,55,reported,61,reported,,privacy_suppressed,,privacy_suppressed,,privacy_suppressed,,privacy_suppressed,,privacy_suppressed
164988,002130,Boston University,"Private, nonprofit",45.06,Economics.,5,Master's Degree,true,129,reported,155,reported,,privacy_suppressed,,privacy_suppressed,,privacy_suppressed,,privacy_suppressed,,privacy_suppressed
164988,002130,Boston University,"Private, nonprofit",52.13,Management Sciences and Quantitative Methods.,5,Master's Degree,false,413,reported,370,reported,89942,reported,118168,reported,137068,reported,55,reported,36916,reported
165015,002133,Brandeis University,"Private, nonprofit",45.06,Economics.,5,Master's Degree,true,64,reported,112,reported,69189,reported,87354,reported,95221,reported,76,reported,28500,reported
165015,002133,Brandeis University,"Private, nonprofit",52.13,Management Sciences and Quantitative Methods.,5,Master's Degree,false,48,reported,92,reported,,privacy_suppressed,,privacy_suppressed,,privacy_suppressed,,privacy_suppressed,,privacy_suppressed
165024,002183,Bridgewater State University,Public,52.13,Management Sciences and Quantitative Methods.,5,Master's Degree,false,0,reported,0,reported,,privacy_suppressed,,privacy_suppressed,,privacy_suppressed,,privacy_suppressed,,privacy_suppressed
165334,002139,Clark University,"Private, nonprofit",45.06,Economics.,5,Master's Degree,true,6,reported,7,reported,,privacy_suppressed,,privacy_suppressed,,privacy_suppressed,,privacy_suppressed,,privacy_suppressed
165334,002139,Clark University,"Private, nonprofit",52.13,Management Sciences and Quantitative Methods.,5,Master's Degree,false,59,reported,102,reported,,privacy_suppressed,,privacy_suppressed,,privacy_suppressed,,privacy_suppressed,,privacy_suppressed
165936,002153,Gordon College,"Private, nonprofit",52.13,Management Sciences and Quantitative Methods.,5,Master's Degree,false,12,reported,9,reported,,privacy_suppressed,,privacy_suppressed,,privacy_suppressed,,privacy_suppressed,,privacy_suppressed
166027,002155,Harvard University,"Private, nonprofit",27.05,Statistics.,5,Master's Degree,false,14,reported,18,reported,,privacy_suppressed,,privacy_suppressed,,privacy_suppressed,,privacy_suppressed,,privacy_suppressed
166027,002155,Harvard University,"Private, nonprofit",45.06,Economics.,5,Master's Degree,true,106,reported,111,reported,,privacy_suppressed,,privacy_suppressed,,privacy_suppressed,,privacy_suppressed,,privacy_suppressed
166027,002155,Harvard University,"Private, nonprofit",52.13,Management Sciences and Quantitative Methods.,5,Master's Degree,false,265,reported,393,reported,,privacy_suppressed,,privacy_suppressed,,privacy_suppressed,,privacy_suppressed,,privacy_suppressed
166391,002158,Lasell University,"Private, nonprofit",52.13,Management Sciences and Quantitative Methods.,5,Master's Degree,false,38,reported,11,reported,68806,reported,85823,reported,84941,reported,58,reported,24432,reported
166513,002161,University of Massachusetts-Lowell,Public,52.13,Management Sciences and Quantitative Methods.,5,Master's Degree,false,22,reported,33,reported,,privacy_suppressed,,privacy_suppressed,,privacy_suppressed,,privacy_suppressed,,privacy_suppressed
166629,002221,University of Massachusetts-Amherst,Public,27.05,Statistics.,5,Master's Degree,false,,not_available,13,reported,,not_available,,privacy_suppressed,,not_available,,not_available,,not_available
166629,002221,University of Massachusetts-Amherst,Public,30.70,Data Science.,5,Master's Degree,false,5,reported,32,reported,,privacy_suppressed,,privacy_suppressed,,privacy_suppressed,,privacy_suppressed,,privacy_suppressed
166629,002221,University of Massachusetts-Amherst,Public,30.71,Data Analytics.,5,Master's Degree,false,85,reported,116,reported,,not_available,,privacy_suppressed,,not_available,,not_available,,not_available
166629,002221,University of Massachusetts-Amherst,Public,45.06,Economics.,5,Master's Degree,true,17,reported,12,reported,,privacy_suppressed,,privacy_suppressed,,privacy_suppressed,,privacy_suppressed,,privacy_suppressed
166629,002221,University of Massachusetts-Amherst,Public,52.13,Management Sciences and Quantitative Methods.,5,Master's Degree,false,,not_available,,not_available,64664,reported,91064,reported,,privacy_suppressed,83,reported,25222,reported
166638,002222,University of Massachusetts-Boston,Public,45.06,Economics.,5,Master's Degree,true,8,reported,12,reported,,privacy_suppressed,,privacy_suppressed,,privacy_suppressed,,privacy_suppressed,,privacy_suppressed
166638,002222,University of Massachusetts-Boston,Public,52.13,Management Sciences and Quantitative Methods.,5,Master's Degree,false,130,reported,89,reported,84600,reported,112856,reported,,privacy_suppressed,109,reported,28763,reported
166683,002178,Massachusetts Institute of Technology,"Private, nonprofit",45.06,Economics.,5,Master's Degree,true,13,reported,32,reported,,privacy_suppressed,,privacy_suppressed,,privacy_suppressed,,privacy_suppressed,,privacy_suppressed
166683,002178,Massachusetts Institute of Technology,"Private, nonprofit",52.13,Management Sciences and Quantitative Methods.,5,Master's Degree,false,851,reported,782,reported,204731,reported,,privacy_suppressed,,privacy_suppressed,141,reported,41000,reported
166850,002120,Merrimack College,"Private, nonprofit",52.13,Management Sciences and Quantitative Methods.,5,Master's Degree,false,10,reported,7,reported,,privacy_suppressed,,privacy_suppressed,87092,reported,,privacy_suppressed,,privacy_suppressed
167358,002199,Northeastern University,"Private, nonprofit",45.06,Economics.,5,Master's Degree,true,43,reported,51,reported,,privacy_suppressed,,privacy_suppressed,,privacy_suppressed,,privacy_suppressed,,privacy_suppressed
167358,002199,Northeastern University,"Private, nonprofit",52.13,Management Sciences and Quantitative Methods.,5,Master's Degree,false,138,reported,188,reported,82134,reported,117139,reported,118016,reported,51,reported,38957,reported
167987,002210,University of Massachusetts-Dartmouth,Public,30.71,Data Analytics.,5,Master's Degree,false,14,reported,22,reported,,not_available,,privacy_suppressed,,not_available,,not_available,,not_available
167987,002210,University of Massachusetts-Dartmouth,Public,52.13,Management Sciences and Quantitative Methods.,5,Master's Degree,false,25,reported,35,reported,,privacy_suppressed,,privacy_suppressed,,privacy_suppressed,,privacy_suppressed,,privacy_suppressed
167996,002217,Stonehill College,"Private, nonprofit",52.13,Management Sciences and Quantitative Methods.,5,Master's Degree,false,9,reported,7,reported,,not_available,,privacy_suppressed,,not_available,,not_available,,not_available
168005,002218,Suffolk University,"Private, nonprofit",52.13,Management Sciences and Quantitative Methods.,5,Master's Degree,false,204,reported,157,reported,70783,reported,104109,reported,,privacy_suppressed,66,reported,37754,reported
168148,002219,Tufts University,"Private, nonprofit",27.05,Statistics.,5,Master's Degree,false,10,reported,22,reported,,privacy_suppressed,,privacy_suppressed,,privacy_suppressed,,privacy_suppressed,,privacy_suppressed
168148,002219,Tufts University,"Private, nonprofit",45.06,Economics.,5,Master's Degree,true,27,reported,39,reported,,privacy_suppressed,,privacy_suppressed,,privacy_suppressed,,privacy_suppressed,,privacy_suppressed
168227,002225,Wentworth Institute of Technology,"Private, nonprofit",30.70,Data Science.,5,Master's Degree,false,,not_available,3,reported,,not_available,,privacy_suppressed,,not_available,,not_available,,not_available
168254,002226,Western New England University,"Private, nonprofit",30.71,Data Analytics.,5,Master's Degree,false,,not_available,0,reported,,not_available,,privacy_suppressed,,not_available,,not_available,,not_available
168342,002229,Williams College,"Private, nonprofit",45.06,Economics.,5,Master's Degree,true,27,reported,26,reported,,privacy_suppressed,,privacy_suppressed,,privacy_suppressed,,privacy_suppressed,,privacy_suppressed
168421,002233,Worcester Polytechnic Institute,"Private, nonprofit",27.05,Statistics.,5,Master's Degree,false,7,reported,8,reported,,privacy_suppressed,,privacy_suppressed,,privacy_suppressed,,privacy_suppressed,,privacy_suppressed
168421,002233,Worcester Polytechnic Institute,"Private, nonprofit",30.70,Data Science.,5,Master's Degree,false,42,reported,52,reported,,not_available,,privacy_suppressed,,not_available,,not_available,,not_available
168421,002233,Worcester Polytechnic Institute,"Private, nonprofit",30.71,Data Analytics.,5,Master's Degree,false,7,reported,8,reported,,not_available,,privacy_suppressed,,not_available,,not_available,,not_available
168421,002233,Worcester Polytechnic Institute,"Private, nonprofit",52.13,Management Sciences and Quantitative Methods.,5,Master's Degree,false,14,reported,12,reported,,privacy_suppressed,,privacy_suppressed,,privacy_suppressed,,privacy_suppressed,,privacy_suppressed
168740,002238,Andrews University,"Private, nonprofit",45.06,Economics.,5,Master's Degree,true,1,reported,12,reported,,privacy_suppressed,,privacy_suppressed,,privacy_suppressed,,privacy_suppressed,,privacy_suppressed
169080,002241,Calvin University,"Private, nonprofit",30.70,Data Science.,5,Master's Degree,false,,not_available,0,reported,,not_available,,privacy_suppressed,,not_available,,not_available,,not_available
169248,002243,Central Michigan University,Public,27.05,Statistics.,5,Master's Degree,false,7,reported,9,reported,,privacy_suppressed,,privacy_suppressed,,privacy_suppressed,,privacy_suppressed,,privacy_suppressed
169248,002243,Central Michigan University,Public,45.06,Economics.,5,Master's Degree,true,11,reported,8,reported,,privacy_suppressed,,privacy_suppressed,,privacy_suppressed,,privacy_suppressed,,privacy_suppressed
169479,002249,Davenport University,"Private, nonprofit",30.71,Data Analytics.,5,Master's Degree,false,,not_available,12,reported,,not_available,,privacy_suppressed,,not_available,,not_available,,not_available
169479,002249,Davenport University,"Private, nonprofit",52.13,Management Sciences and Quantitative Methods.,5,Master's Degree,false,1,reported,2,reported,,privacy_suppressed,,privacy_suppressed,,privacy_suppressed,,privacy_suppressed,,privacy_suppressed
169716,002323,University of Detroit Mercy,"Private, nonprofit",45.06,Economics.,5,Master's Degree,true,22,reported,11,reported,,privacy_suppressed,,privacy_suppressed,,privacy_suppressed,,privacy_suppressed,,privacy_suppressed
169798,002259,Eastern Michigan University,Public,27.05,Statistics.,5,Master's Degree,false,0,reported,0,reported,,privacy_suppressed,,privacy_suppressed,,privacy_suppressed,,privacy_suppressed,,privacy_suppressed
169798,002259,Eastern Michigan University,Public,27.06,Applied Statistics.,5,Master's Degree,false,5,reported,3,reported,,privacy_suppressed,,privacy_suppressed,,privacy_suppressed,,privacy_suppressed,,privacy_suppressed
169798,002259,Eastern Michigan University,Public,30.71,Data Analytics.,5,Master's Degree,false,2,reported,1,reported,,privacy_suppressed,,privacy_suppressed,,privacy_suppressed,,privacy_suppressed,,privacy_suppressed
169798,002259,Eastern Michigan University,Public,45.06,Economics.,5,Master's Degree,true,6,reported,7,reported,,privacy_suppressed,,privacy_suppressed,,privacy_suppressed,,privacy_suppressed,,privacy_suppressed
169798,002259,Eastern Michigan University,Public,52.13,Management Sciences and Quantitative Methods.,5,Master's Degree,false,1,reported,9,reported,,privacy_suppressed,,privacy_suppressed,,privacy_suppressed,,privacy_suppressed,,not_available
169910,002260,Ferris State University,Public,30.71,Data Analytics.,5,Master's Degree,false,0,reported,0,reported,,not_available,,privacy_suppressed,,not_available,,not_available,,not_available
169983,002262,Kettering University,"Private, nonprofit",52.13,Management Sciences and Quantitative Methods.,5,Master's Degree,false,2,reported,0,reported,,not_available,,privacy_suppressed,,not_available,,not_available,,privacy_suppressed
170082,002268,Grand Valley State University,Public,27.05,Statistics.,5,Master's Degree,false,1,reported,0,reported,,not_available,,privacy_suppressed,,not_available,,not_available,,not_available
170082,002268,Grand Valley State University,Public,30.70,Data Science.,5,Master's Degree,false,18,reported,33,reported,,not_available,,privacy_suppressed,,not_available,,not_available,,not_available
170675,002279,Lawrence Technological University,"Private, nonprofit",52.13,Management Sciences and Quantitative Methods.,5,Master's Degree,false,0,reported,0,reported,,not_available,,privacy_suppressed,,not_available,,not_available,,not_available
170976,002325,University of Michigan-Ann Arbor,Public,27.05,Statistics.,5,Master's Degree,false,47,reported,64,reported,85008,reported,113198,reported,,privacy_suppressed,18,reported,,privacy_suppressed
170976,002325,University of Michigan-Ann Arbor,Public,27.06,Applied Statistics.,5,Master's Degree,false,51,reported,93,reported,,privacy_suppressed,,privacy_suppressed,,privacy_suppressed,,privacy_suppressed,,not_available
170976,002325,University of Michigan-Ann Arbor,Public,30.70,Data Science.,5,Master's Degree,false,39,reported,51,reported,,not_available,,privacy_suppressed,,not_available,,not_available,,not_available
170976,002325,University of Michigan-Ann Arbor,Public,30.71,Data Analytics.,5,Master's Degree,false,74,reported,79,reported,,not_available,,privacy_suppressed,,not_available,,not_available,,not_available
170976,002325,University of Michigan-Ann Arbor,Public,45.06,Economics.,5,Master's Degree,true,52,reported,80,reported,,privacy_suppressed,,privacy_suppressed,,privacy_suppressed,,privacy_suppressed,,privacy_suppressed
170976,002325,University of Michigan-Ann Arbor,Public,52.13,Management Sciences and Quantitative Methods.,5,Master's Degree,false,91,reported,327,reported,,privacy_suppressed,,privacy_suppressed,,privacy_suppressed,,privacy_suppressed,,privacy_suppressed
171100,002290,Michigan State University,Public,27.05,Statistics.,5,Master's Degree,false,11,reported,14,reported,,privacy_suppressed,,privacy_suppressed,,privacy_suppressed,,privacy_suppressed,,privacy_suppressed
171100,002290,Michigan State University,Public,45.06,Economics.,5,Master's Degree,true,16,reported,8,reported,,privacy_suppressed,,privacy_suppressed,,privacy_suppressed,,privacy_suppressed,,privacy_suppressed
171100,002290,Michigan State University,Public,52.13,Management Sciences and Quantitative Methods.,5,Master's Degree,false,185,reported,201,reported,96585,reported,139589,reported,124994,reported,27,reported,30375,reported
171128,002292,Michigan Technological University,Public,27.05,Statistics.,5,Master's Degree,false,3,reported,4,reported,,privacy_suppressed,,privacy_suppressed,,privacy_suppressed,,privacy_suppressed,,privacy_suppressed
171128,002292,Michigan Technological University,Public,27.06,Applied Statistics.,5,Master's Degree,false,30,reported,32,reported,,privacy_suppressed,,privacy_suppressed,,privacy_suppressed,,privacy_suppressed,,privacy_suppressed
171128,002292,Michigan Technological University,Public,30.70,Data Science.,5,Master's Degree,false,13,reported,16,reported,,privacy_suppressed,,privacy_suppressed,,privacy_suppressed,,privacy_suppressed,,privacy_suppressed
171128,002292,Michigan Technological University,Public,45.06,Economics.,5,Master's Degree,true,1,reported,1,reported,,privacy_suppressed,,privacy_suppressed,,privacy_suppressed,,privacy_suppressed,,privacy_suppressed
171137,002326,University of Michigan-Dearborn,Public,52.13,Management Sciences and Quantitative Methods.,5,Master's Degree,false,29,reported,43,reported,,privacy_suppressed,,privacy_suppressed,,privacy_suppressed,,privacy_suppressed,,privacy_suppressed
171492,004072,Northwood University,"Private, nonprofit",52.13,Management Sciences and Quantitative Methods.,5,Master's Degree,false,2,reported,20,reported,,not_available,,privacy_suppressed,,not_available,,not_available,,not_available
171571,002307,Oakland University,Public,27.05,Statistics.,5,Master's Degree,false,6,reported,2,reported,,privacy_suppressed,,privacy_suppressed,,privacy_suppressed,,privacy_suppressed,,privacy_suppressed
171571,002307,Oakland University,Public,52.13,Management Sciences and Quantitative Methods.,5,Master's Degree,false,9,reported,12,reported,,not_available,,privacy_suppressed,,not_available,,not_available,,not_available
172051,002314,Saginaw Valley State University,Public,52.13,Management Sciences and Quantitative Methods.,5,Master's Degree,false,25,reported,19,reported,,not_available,,privacy_suppressed,,not_available,,not_available,,not_available
172608,004071,Walsh College,"Private, nonprofit",30.71,Data Analytics.,5,Master's Degree,false,0,reported,3,reported,,privacy_suppressed,,privacy_suppressed,,privacy_suppressed,,privacy_suppressed,,privacy_suppressed
172608,004071,Walsh College,"Private, nonprofit",52.13,Management Sciences and Quantitative Methods.,5,Master's Degree,false,,not_available,30,reported,87062,reported,96026,reported,,privacy_suppressed,20,reported,,privacy_suppressed
172644,002329,Wayne State University,Public,27.05,Statistics.,5,Master's Degree,false,6,reported,3,reported,,privacy_suppressed,,privacy_suppressed,,privacy_suppressed,,privacy_suppressed,,privacy_suppressed
172644,002329,Wayne State University,Public,45.06,Economics.,5,Master's Degree,true,13,reported,15,reported,,privacy_suppressed,,privacy_suppressed,,privacy_suppressed,,privacy_suppressed,,privacy_suppressed
172644,002329,Wayne State University,Public,52.13,Management Sciences and Quantitative Methods.,5,Master's Degree,false,42,reported,35,reported,,privacy_suppressed,,privacy_suppressed,,privacy_suppressed,,privacy_suppressed,,privacy_suppressed
172699,002330,Western Michigan University,Public,27.05,Statistics.,5,Master's Degree,false,11,reported,7,reported,,privacy_suppressed,,privacy_suppressed,,privacy_suppressed,,privacy_suppressed,,privacy_suppressed
172699,002330,Western Michigan University,Public,30.70,Data Science.,5,Master's Degree,false,0,reported,0,reported,,privacy_suppressed,,privacy_suppressed,,privacy_suppressed,,privacy_suppressed,,privacy_suppressed
172699,002330,Western Michigan University,Public,45.06,Economics.,5,Master's Degree,true,7,reported,10,reported,,privacy_suppressed,,privacy_suppressed,,privacy_suppressed,,privacy_suppressed,,privacy_suppressed
173328,002347,Concordia University-Saint Paul,"Private, nonprofit",30.71,Data Analytics.,5,Master's Degree,false,,not_available,4,reported,,not_available,,privacy_suppressed,,not_available,,not_available,,not_available
173665,002354,Hamline University,"Private, nonprofit",52.13,Management Sciences and Quantitative Methods.,5,Master's Degree,false,18,reported,6,reported,,privacy_suppressed,,privacy_suppressed,,privacy_suppressed,,privacy_suppressed,,privacy_suppressed
173920,002360,Minnesota State University-Mankato,Public,27.05,Statistics.,5,Master's Degree,false,3,reported,4,reported,,privacy_suppressed,,privacy_suppressed,,privacy_suppressed,,privacy_suppressed,,privacy_suppressed
174066,003969,University of Minnesota-Twin Cities,Public,27.05,Statistics.,5,Master's Degree,false,20,reported,19,reported,,privacy_suppressed,,privacy_suppressed,,privacy_suppressed,,privacy_suppressed,,privacy_suppressed
174066,003969,University of Minnesota-Twin Cities,Public,30.70,Data Science.,5,Master's Degree,false,24,reported,16,reported,,not_available,,privacy_suppressed,,not_available,,not_available,,not_available
174066,003969,University of Minnesota-Twin Cities,Public,30.71,Data Analytics.,5,Master's Degree,false,54,reported,194,reported,,not_available,,privacy_suppressed,,not_available,,not_available,,not_available
174066,003969,University of Minnesota-Twin Cities,Public,45.06,Economics.,5,Master's Degree,true,13,reported,25,reported,,privacy_suppressed,,privacy_suppressed,,privacy_suppressed,,privacy_suppressed,,privacy_suppressed
174066,003969,University of Minnesota-Twin Cities,Public,52.13,Management Sciences and Quantitative Methods.,5,Master's Degree,false,39,reported,53,reported,103504,reported,138394,reported,,privacy_suppressed,33,reported,40768,reported
174783,002377,Saint Cloud State University,Public,27.05,Statistics.,5,Master's Degree,false,0,reported,0,reported,,privacy_suppressed,,privacy_suppressed,,privacy_suppressed,,privacy_suppressed,,privacy_suppressed
174783,002377,Saint Cloud State University,Public,45.06,Economics.,5,Master's Degree,true,4,reported,7,reported,,privacy_suppressed,,privacy_suppressed,,privacy_suppressed,,privacy_suppressed,,privacy_suppressed
174817,002380,Saint Mary's University of Minnesota,"Private, nonprofit",30.71,Data Analytics.,5,Master's Degree,false,64,reported,71,reported,,privacy_suppressed,,privacy_suppressed,,privacy_suppressed,,privacy_suppressed,,privacy_suppressed
174817,002380,Saint Mary's University of Minnesota,"Private, nonprofit",45.06,Economics.,5,Master's Degree,true,3,reported,1,reported,57999,reported,73874,reported,,privacy_suppressed,21,reported,43193,reported
174817,002380,Saint Mary's University of Minnesota,"Private, nonprofit",52.13,Management Sciences and Quantitative Methods.,5,Master's Degree,false,0,reported,,not_available,83458,reported,,privacy_suppressed,,privacy_suppressed,24,reported,,privacy_suppressed
174899,002343,The College of Saint Scholastica,"Private, nonprofit",52.13,Management Sciences and Quantitative Methods.,5,Master's Degree,false,4,reported,5,reported,,privacy_suppressed,,privacy_suppressed,,privacy_suppressed,,privacy_suppressed,,not_available
174914,002345,University of St Thomas,"Private, nonprofit",52.13,Management Sciences and Quantitative Methods.,5,Master's Degree,false,58,reported,46,reported,89735,reported,,privacy_suppressed,,privacy_suppressed,29,reported,,privacy_suppressed
175014,008694,Rasmussen University-Minnesota,"Private, for-profit",52.13,Management Sciences and Quantitative Methods.,5,Master's Degree,false,4,reported,5,reported,,privacy_suppressed,,privacy_suppressed,,privacy_suppressed,,privacy_suppressed,,not_available
175272,002394,Winona State University,Public,52.13,Management Sciences and Quantitative Methods.,5,Master's Degree,false,0,reported,0,reported,,not_available,,privacy_suppressed,,not_available,,not_available,,not_available
176017,002440,University of Mississippi,Public,30.71,Data Analytics.,5,Master's Degree,false,16,reported,17,reported,,privacy_suppressed,,privacy_suppressed,,privacy_suppressed,,privacy_suppressed,,not_available
176017,002440,University of Mississippi,Public,45.06,Economics.,5,Master's Degree,true,2,reported,0,reported,,privacy_suppressed,,privacy_suppressed,,privacy_suppressed,,privacy_suppressed,,privacy_suppressed
176017,002440,University of Mississippi,Public,52.13,Management Sciences and Quantitative Methods.,5,Master's Degree,false,120,reported,106,reported,,privacy_suppressed,,privacy_suppressed,,privacy_suppressed,,privacy_suppressed,,not_available
176080,002423,Mississippi State University,Public,27.05,Statistics.,5,Master's Degree,false,1,reported,3,reported,,privacy_suppressed,,privacy_suppressed,,privacy_suppressed,,privacy_suppressed,,privacy_suppressed
176080,002423,Mississippi State University,Public,30.70,Data Science.,5,Master's Degree,false,,not_available,0,reported,,not_available,,privacy_suppressed,,not_available,,not_available,,not_available
176080,002423,Mississippi State University,Public,45.06,Economics.,5,Master's Degree,true,0,reported,,not_available,,privacy_suppressed,,privacy_suppressed,,privacy_suppressed,,privacy_suppressed,,privacy_suppressed
176965,002454,University of Central Missouri,Public,52.13,Management Sciences and Quantitative Methods.,5,Master's Degree,false,0,reported,0,reported,,privacy_suppressed,,privacy_suppressed,,privacy_suppressed,,privacy_suppressed,,privacy_suppressed
177144,002460,Culver-Stockton College,"Private, nonprofit",52.13,Management Sciences and Quantitative Methods.,5,Master's Degree,false,7,reported,7,reported,,privacy_suppressed,,privacy_suppressed,,privacy_suppressed,,privacy_suppressed,,privacy_suppressed
177418,002464,Fontbonne University,"Private, nonprofit",52.13,Management Sciences and Quantitative Methods.,5,Master's Degree,false,1,reported,0,reported,,not_available,,privacy_suppressed,,not_available,,not_available,,not_available
178059,002482,Maryville University of Saint Louis,"Private, nonprofit",30.70,Data Science.,5,Master's Degree,false,85,reported,45,reported,,privacy_suppressed,,privacy_suppressed,,privacy_suppressed,,privacy_suppressed,,not_available
178059,002482,Maryville University of Saint Louis,"Private, nonprofit",30.71,Data Analytics.,5,Master's Degree,false,,not_available,28,reported,,not_available,,privacy_suppressed,,not_available,,not_available,,not_available
178059,002482,Maryville University of Saint Louis,"Private, nonprofit",52.13,Management Sciences and Quantitative Methods.,5,Master's Degree,false,62,reported,2,reported,83222,reported,115122,reported,,privacy_suppressed,68,reported,33834,reported
178396,002516,University of Missouri-Columbia,Public,27.05,Statistics.,5,Master's Degree,false,6,reported,9,reported,,privacy_suppressed,,privacy_suppressed,,privacy_suppressed,,privacy_suppressed,,privacy_suppressed
178396,002516,University of Missouri-Columbia,Public,45.06,Economics.,5,Master's Degree,true,34,reported,40,reported,,privacy_suppressed,,privacy_suppressed,,privacy_suppressed,,privacy_suppressed,,privacy_suppressed
178396,002516,University of Missouri-Columbia,Public,52.13,Management Sciences and Quantitative Methods.,5,Master's Degree,false,,not_available,0,reported,,not_available,,privacy_suppressed,,not_available,,not_available,,not_available
178402,002518,University of Missouri-Kansas City,Public,27.05,Statistics.,5,Master's Degree,false,14,reported,5,reported,,privacy_suppressed,,privacy_suppressed,,privacy_suppressed,,privacy_suppressed,,privacy_suppressed
178402,002518,University of Missouri-Kansas City,Public,30.70,Data Science.,5,Master's Degree,false,0,reported,0,reported,,privacy_suppressed,,privacy_suppressed,,privacy_suppressed,,privacy_suppressed,,not_available
178402,002518,University of Missouri-Kansas City,Public,45.06,Economics.,5,Master's Degree,true,15,reported,7,reported,,privacy_suppressed,,privacy_suppressed,,privacy_suppressed,,privacy_suppressed,,privacy_suppressed
178402,002518,University of Missouri-Kansas City,Public,52.13,Management Sciences and Quantitative Methods.,5,Master's Degree,false,,not_available,0,reported,,not_available,,privacy_suppressed,,not_available,,not_available,,not_available
178411,002517,Missouri University of Science and Technology,Public,52.13,Management Sciences and Quantitative Methods.,5,Master's Degree,false,,not_available,0,reported,,privacy_suppressed,,privacy_suppressed,,privacy_suppressed,,privacy_suppressed,,privacy_suppressed
178420,002519,University of Missouri-St Louis,Public,45.06,Economics.,5,Master's Degree,true,3,reported,6,reported,,privacy_suppressed,,privacy_suppressed,,privacy_suppressed,,privacy_suppressed,,privacy_suppressed
178420,002519,University of Missouri-St Louis,Public,52.13,Management Sciences and Quantitative Methods.,5,Master's Degree,false,1,reported,8,reported,87641,reported,116260,reported,,privacy_suppressed,19,reported,,privacy_suppressed
178615,002495,Truman State University,Public,30.70,Data Science.,5,Master's Degree,false,,not_available,7,reported,,not_available,,privacy_suppressed,,not_available,,not_available,,not_available
179043,002499,Rockhurst University,"Private, nonprofit",30.71,Data Analytics.,5,Master's Degree,false,,not_available,26,reported,,not_available,,privacy_suppressed,,not_available,,not_available,,not_available
179043,002499,Rockhurst University,"Private, nonprofit",52.13,Management Sciences and Quantitative Methods.,5,Master's Degree,false,34,reported,0,reported,103114,reported,130238,reported,,privacy_suppressed,34,reported,35700,reported
179159,002506,Saint Louis University,"Private, nonprofit",45.06,Economics.,5,Master's Degree,true,24,reported,16,reported,,privacy_suppressed,,privacy_suppressed,,privacy_suppressed,,privacy_suppressed,,privacy_suppressed
179159,002506,Saint Louis University,"Private, nonprofit",52.13,Management Sciences and Quantitative Methods.,5,Master's Degree,false,71,reported,53,reported,,privacy_suppressed,,privacy_suppressed,,privacy_suppressed,,privacy_suppressed,,privacy_suppressed
179557,002501,Southeast Missouri State University,Public,52.13,Management Sciences and Quantitative Methods.,5,Master's Degree,false,,not_available,,not_available,,privacy_suppressed,,privacy_suppressed,,privacy_suppressed,,privacy_suppressed,,privacy_suppressed
179867,002520,Washington University in St Louis,"Private, nonprofit",27.05,Statistics.,5,Master's Degree,false,5,reported,18,reported,,privacy_suppressed,,privacy_suppressed,,privacy_suppressed,,privacy_suppressed,,privacy_suppressed
179867,002520,Washington University in St Louis,"Private, nonprofit",45.06,Economics.,5,Master's Degree,true,7,reported,20,reported,,privacy_suppressed,,privacy_suppressed,,privacy_suppressed,,privacy_suppressed,,privacy_suppressed
179867,002520,Washington University in St Louis,"Private, nonprofit",52.13,Management Sciences and Quantitative Methods.,5,Master's Degree,false,351,reported,440,reported,,privacy_suppressed,,privacy_suppressed,,privacy_suppressed,,privacy_suppressed,,privacy_suppressed
180461,002532,Montana State University,Public,27.05,Statistics.,5,Master's Degree,false,3,reported,4,reported,,privacy_suppressed,,privacy_suppressed,,privacy_suppressed,,privacy_suppressed,,not_available
180461,002532,Montana State University,Public,45.06,Economics.,5,Master's Degree,true,7,reported,10,reported,,privacy_suppressed,,privacy_suppressed,,privacy_suppressed,,privacy_suppressed,,privacy_suppressed
180489,002536,The University of Montana,Public,45.06,Economics.,5,Master's Degree,true,3,reported,3,reported,,privacy_suppressed,,privacy_suppressed,,privacy_suppressed,,privacy_suppressed,,privacy_suppressed
180489,002536,The University of Montana,Public,52.13,Management Sciences and Quantitative Methods.,5,Master's Degree,false,13,reported,16,reported,,privacy_suppressed,,privacy_suppressed,,privacy_suppressed,,privacy_suppressed,,privacy_suppressed
180814,009743,Bellevue University,"Private, nonprofit",30.70,Data Science.,5,Master's Degree,false,134,reported,101,reported,,not_available,,privacy_suppressed,,not_available,,not_available,,not_available
180814,009743,Bellevue University,"Private, nonprofit",30.71,Data Analytics.,5,Master's Degree,false,28,reported,32,reported,,not_available,,privacy_suppressed,,not_available,,not_available,,not_available
180814,009743,Bellevue University,"Private, nonprofit",52.13,Management Sciences and Quantitative Methods.,5,Master's Degree,false,16,reported,15,reported,69224,reported,75660,reported,78497,reported,51,reported,49081,reported
181002,002542,Creighton University,"Private, nonprofit",52.13,Management Sciences and Quantitative Methods.,5,Master's Degree,false,22,reported,20,reported,,privacy_suppressed,,privacy_suppressed,,privacy_suppressed,,privacy_suppressed,,privacy_suppressed
181020,002544,Doane University,"Private, nonprofit",52.13,Management Sciences and Quantitative Methods.,5,Master's Degree,false,,not_available,,not_available,51829,reported,,privacy_suppressed,76607,reported,23,reported,,privacy_suppressed
181394,002554,University of Nebraska at Omaha,Public,45.06,Economics.,5,Master's Degree,true,14,reported,13,reported,,privacy_suppressed,,privacy_suppressed,,privacy_suppressed,,privacy_suppressed,,privacy_suppressed
181464,002565,University of Nebraska-Lincoln,Public,27.05,Statistics.,5,Master's Degree,false,11,reported,11,reported,,privacy_suppressed,,privacy_suppressed,,privacy_suppressed,,privacy_suppressed,,privacy_suppressed
181464,002565,University of Nebraska-Lincoln,Public,45.06,Economics.,5,Master's Degree,true,0,reported,12,reported,,privacy_suppressed,,privacy_suppressed,,privacy_suppressed,,privacy_suppressed,,privacy_suppressed
181464,002565,University of Nebraska-Lincoln,Public,52.13,Management Sciences and Quantitative Methods.,5,Master's Degree,false,5,reported,1,reported,,privacy_suppressed,,privacy_suppressed,,privacy_suppressed,,privacy_suppressed,,privacy_suppressed
182281,002569,University of Nevada-Las Vegas,Public,30.71,Data Analytics.,5,Master's Degree,false,,not_available,3,reported,,not_available,,privacy_suppressed,,not_available,,not_available,,not_available
182281,002569,University of Nevada-Las Vegas,Public,45.06,Economics.,5,Master's Degree,true,2,reported,6,reported,,privacy_suppressed,,privacy_suppressed,,privacy_suppressed,,privacy_suppressed,,privacy_suppressed
182281,002569,University of Nevada-Las Vegas,Public,52.13,Management Sciences and Quantitative Methods.,5,Master's Degree,false,10,reported,4,reported,,privacy_suppressed,,privacy_suppressed,,privacy_suppressed,,privacy_suppressed,,not_available
182290,002568,University of Nevada-Reno,Public,27.05,Statistics.,5,Master's Degree,false,9,reported,8,reported,,privacy_suppressed,,privacy_suppressed,,privacy_suppressed,,privacy_suppressed,,privacy_suppressed
182290,002568,University of Nevada-Reno,Public,30.71,Data Analytics.,5,Master's Degree,false,18,reported,33,reported,,not_available,,privacy_suppressed,,not_available,,not_available,,not_available
182290,002568,University of Nevada-Reno,Public,45.06,Economics.,5,Master's Degree,true,8,reported,9,reported,,privacy_suppressed,,privacy_suppressed,,privacy_suppressed,,privacy_suppressed,,privacy_suppressed
182670,002573,Dartmouth College,"Private, nonprofit",52.13,Management Sciences and Quantitative Methods.,5,Master's Degree,false,124,reported,148,reported,207886,reported,,privacy_suppressed,,privacy_suppressed,41,reported,41000,reported
182980,002579,New England College,"Private, nonprofit",52.13,Management Sciences and Quantitative Methods.,5,Master's Degree,false,4,reported,0,reported,,privacy_suppressed,,privacy_suppressed,,privacy_suppressed,,privacy_suppressed,,privacy_suppressed
183026,002580,Southern New Hampshire University,"Private, nonprofit",45.06,Economics.,5,Master's Degree,true,16,reported,42,reported,56590,reported,71367,reported,,privacy_suppressed,40,reported,39630,reported
183026,002580,Southern New Hampshire University,"Private, nonprofit",52.13,Management Sciences and Quantitative Methods.,5,Master's Degree,false,205,reported,250,reported,88717,reported,112596,reported,120972,reported,187,reported,36900,reported
183044,002589,University of New Hampshire-Main Campus,Public,27.05,Statistics.,5,Master's Degree,false,3,reported,4,reported,,privacy_suppressed,,privacy_suppressed,,privacy_suppressed,,privacy_suppressed,,privacy_suppressed
183044,002589,University of New Hampshire-Main Campus,Public,45.06,Economics.,5,Master's Degree,true,4,reported,9,reported,,privacy_suppressed,,privacy_suppressed,,privacy_suppressed,,privacy_suppressed,,privacy_suppressed
183044,002589,University of New Hampshire-Main Campus,Public,52.13,Management Sciences and Quantitative Methods.,5,Master's Degree,false,18,reported,10,reported,93280,reported,127360,reported,,privacy_suppressed,33,reported,22046,reported
184348,002603,Drew University,"Private, nonprofit",30.70,Data Science.,5,Master's Degree,false,,not_available,0,reported,,not_available,,privacy_suppressed,,not_available,,not_available,,not_available
184348,002603,Drew University,"Private, nonprofit",45.06,Economics.,5,Master's Degree,true,12,reported,12,reported,,privacy_suppressed,,privacy_suppressed,,privacy_suppressed,,privacy_suppressed,,privacy_suppressed
184603,002607,Fairleigh Dickinson University-Metropolitan Campus,"Private, nonprofit",52.13,Management Sciences and Quantitative Methods.,5,Master's Degree,false,3,reported,7,reported,,privacy_suppressed,,privacy_suppressed,,privacy_suppressed,,privacy_suppressed,,privacy_suppressed
184694,002607,Fairleigh Dickinson University-Florham Campus,"Private, nonprofit",52.13,Management Sciences and Quantitative Methods.,5,Master's Degree,false,1,reported,2,reported,,privacy_suppressed,,privacy_suppressed,,privacy_suppressed,,privacy_suppressed,,privacy_suppressed
185129,002613,New Jersey City University,Public,52.13,Management Sciences and Quantitative Methods.,5,Master's Degree,false,19,reported,19,reported,,privacy_suppressed,,privacy_suppressed,,privacy_suppressed,,privacy_suppressed,,privacy_suppressed
185572,002616,Monmouth University,"Private, nonprofit",30.70,Data Science.,5,Master's Degree,false,,not_available,2,reported,,not_available,,privacy_suppressed,,not_available,,not_available,,not_available
185590,002617,Montclair State University,Public,27.05,Statistics.,5,Master's Degree,false,8,reported,2,reported,,privacy_suppressed,,privacy_suppressed,,privacy_suppressed,,privacy_suppressed,,privacy_suppressed
185590,002617,Montclair State University,Public,30.71,Data Analytics.,5,Master's Degree,false,,not_available,0,reported,,not_available,,privacy_suppressed,,not_available,,not_available,,not_available
185590,002617,Montclair State University,Public,52.13,Management Sciences and Quantitative Methods.,5,Master's Degree,false,40,reported,29,reported,,privacy_suppressed,,privacy_suppressed,,privacy_suppressed,,privacy_suppressed,,privacy_suppressed
185828,002621,New Jersey Institute of Technology,Public,27.05,Statistics.,5,Master's Degree,false,6,reported,10,reported,,privacy_suppressed,,privacy_suppressed,,privacy_suppressed,,privacy_suppressed,,privacy_suppressed
185828,002621,New Jersey Institute of Technology,Public,30.70,Data Science.,5,Master's Degree,false,71,reported,152,reported,,privacy_suppressed,,privacy_suppressed,,privacy_suppressed,,privacy_suppressed,,not_available
185828,002621,New Jersey Institute of Technology,Public,52.13,Management Sciences and Quantitative Methods.,5,Master's Degree,false,27,reported,132,reported,94940,reported,,privacy_suppressed,,privacy_suppressed,17,reported,,privacy_suppressed
186131,002627,Princeton University,"Private, nonprofit",45.06,Economics.,5,Master's Degree,true,20,reported,22,reported,,privacy_suppressed,,privacy_suppressed,,privacy_suppressed,,privacy_suppressed,,privacy_suppressed
186201,009344,Ramapo College of New Jersey,Public,30.70,Data Science.,5,Master's Degree,false,5,reported,8,reported,,not_available,,privacy_suppressed,,not_available,,not_available,,not_available
186283,002628,Rider University,"Private, nonprofit",52.13,Management Sciences and Quantitative Methods.,5,Master's Degree,false,,not_available,0,reported,,privacy_suppressed,,privacy_suppressed,,privacy_suppressed,,privacy_suppressed,,privacy_suppressed
186371,002629,Rutgers University-Camden,Public,52.13,Management Sciences and Quantitative Methods.,5,Master's Degree,false,13,reported,25,reported,82390,reported,104397,reported,,privacy_suppressed,25,reported,32036,reported
186380,002629,Rutgers University-New Brunswick,Public,27.05,Statistics.,5,Master's Degree,false,60,reported,55,reported,93967,reported,127279,reported,,privacy_suppressed,16,reported,,privacy_suppressed
186380,002629,Rutgers University-New Brunswick,Public,45.06,Economics.,5,Master's Degree,true,6,reported,20,reported,,privacy_suppressed,,privacy_suppressed,,privacy_suppressed,,privacy_suppressed,,privacy_suppressed
186380,002629,Rutgers University-New Brunswick,Public,52.13,Management Sciences and Quantitative Methods.,5,Master's Degree,false,2,reported,9,reported,82390,reported,104397,reported,,privacy_suppressed,25,reported,32036,reported
186399,002629,Rutgers University-Newark,Public,45.06,Economics.,5,Master's Degree,true,6,reported,5,reported,,privacy_suppressed,,privacy_suppressed,,privacy_suppressed,,privacy_suppressed,,privacy_suppressed
186399,002629,Rutgers University-Newark,Public,52.13,Management Sciences and Quantitative Methods.,5,Master's Degree,false,154,reported,212,reported,82390,reported,104397,reported,,privacy_suppressed,25,reported,32036,reported
186432,002638,Saint Peter's University,"Private, nonprofit",30.70,Data Science.,5,Master's Degree,false,0,reported,44,reported,,privacy_suppressed,,privacy_suppressed,,privacy_suppressed,,privacy_suppressed,,not_available
186432,002638,Saint Peter's University,"Private, nonprofit",30.71,Data Analytics.,5,Master's Degree,false,0,reported,35,reported,,privacy_suppressed,,privacy_suppressed,,privacy_suppressed,,privacy_suppressed,,not_available
186432,002638,Saint Peter's University,"Private, nonprofit",45.06,Economics.,5,Master's Degree,true,13,reported,0,reported,,privacy_suppressed,,privacy_suppressed,,privacy_suppressed,,privacy_suppressed,,privacy_suppressed
186432,002638,Saint Peter's University,"Private, nonprofit",52.13,Management Sciences and Quantitative Methods.,5,Master's Degree,false,40,reported,68,reported,,privacy_suppressed,,privacy_suppressed,,privacy_suppressed,,privacy_suppressed,,privacy_suppressed
186584,002632,Seton Hall University,"Private, nonprofit",30.70,Data Science.,5,Master's Degree,false,,not_available,2,reported,,not_available,,privacy_suppressed,,not_available,,not_available,,not_available
186584,002632,Seton Hall University,"Private, nonprofit",30.71,Data Analytics.,5,Master's Degree,false,,not_available,30,reported,,not_available,,privacy_suppressed,,not_available,,not_available,,not_available
186584,002632,Seton Hall University,"Private, nonprofit",52.13,Management Sciences and Quantitative Methods.,5,Master's Degree,false,11,reported,7,reported,,privacy_suppressed,,privacy_suppressed,,privacy_suppressed,,privacy_suppressed,,not_available
186867,002639,Stevens Institute of Technology,"Private, nonprofit",52.13,Management Sciences and Quantitative Methods.,5,Master's Degree,false,146,reported,323,reported,,privacy_suppressed,,privacy_suppressed,,privacy_suppressed,,privacy_suppressed,,privacy_suppressed
187046,021922,Thomas Edison State University,Public,27.05,Statistics.,5,Master's Degree,false,11,reported,10,reported,,privacy_suppressed,,privacy_suppressed,,privacy_suppressed,,privacy_suppressed,,not_available
187444,002625,William Paterson University of New Jersey,Public,52.13,Management Sciences and Quantitative Methods.,5,Master's Degree,false,2,reported,4,reported,,privacy_suppressed,,privacy_suppressed,,privacy_suppressed,,privacy_suppressed,,privacy_suppressed
187985,002663,University of New Mexico-Main Campus,Public,27.05,Statistics.,5,Master's Degree,false,5,reported,10,reported,,privacy_suppressed,,privacy_suppressed,,privacy_suppressed,,privacy_suppressed,,privacy_suppressed
187985,002663,University of New Mexico-Main Campus,Public,45.06,Economics.,5,Master's Degree,true,5,reported,6,reported,,privacy_suppressed,,privacy_suppressed,,privacy_suppressed,,privacy_suppressed,,privacy_suppressed
188030,002657,New Mexico State University-Main Campus,Public,27.05,Statistics.,5,Master's Degree,false,8,reported,8,reported,,privacy_suppressed,,privacy_suppressed,,privacy_suppressed,,privacy_suppressed,,privacy_suppressed
188030,002657,New Mexico State University-Main Campus,Public,45.06,Economics.,5,Master's Degree,true,11,reported,6,reported,,privacy_suppressed,,privacy_suppressed,,privacy_suppressed,,privacy_suppressed,,privacy_suppressed
188182,002650,University of the Southwest,"Private, nonprofit",52.13,Management Sciences and Quantitative Methods.,5,Master's Degree,false,0,reported,1,reported,,privacy_suppressed,,privacy_suppressed,,privacy_suppressed,,privacy_suppressed,,not_available
188429,002666,Adelphi University,"Private, nonprofit",52.13,Management Sciences and Quantitative Methods.,5,Master's Degree,false,50,reported,34,reported,,privacy_suppressed,,privacy_suppressed,,privacy_suppressed,,privacy_suppressed,,privacy_suppressed
189088,002671,Bard College,"Private, nonprofit",45.06,Economics.,5,Master's Degree,true,11,reported,9,reported,,privacy_suppressed,,privacy_suppressed,,privacy_suppressed,,privacy_suppressed,,privacy_suppressed
189705,002681,Canisius University,"Private, nonprofit",52.13,Management Sciences and Quantitative Methods.,5,Master's Degree,false,9,reported,10,reported,,privacy_suppressed,,privacy_suppressed,,privacy_suppressed,,privacy_suppressed,,privacy_suppressed
190044,002699,Clarkson University,"Private, nonprofit",30.70,Data Science.,5,Master's Degree,false,15,reported,13,reported,,not_available,,privacy_suppressed,,not_available,,not_available,,not_available
190044,002699,Clarkson University,"Private, nonprofit",30.71,Data Analytics.,5,Master's Degree,false,,not_available,9,reported,,not_available,,privacy_suppressed,,not_available,,not_available,,not_available
190044,002699,Clarkson University,"Private, nonprofit",52.13,Management Sciences and Quantitative Methods.,5,Master's Degree,false,,not_available,0,reported,,not_available,,privacy_suppressed,,not_available,,not_available,,not_available
190150,002707,Columbia University in the City of New York,"Private, nonprofit",27.05,Statistics.,5,Master's Degree,false,266,reported,493,reported,122051,reported,167848,reported,165479,reported,47,reported,78000,reported
190150,002707,Columbia University in the City of New York,"Private, nonprofit",30.70,Data Science.,5,Master's Degree,false,150,reported,240,reported,,not_available,,privacy_suppressed,,not_available,,not_available,,not_available
190150,002707,Columbia University in the City of New York,"Private, nonprofit",30.71,Data Analytics.,5,Master's Degree,false,108,reported,231,reported,,not_available,,privacy_suppressed,,not_available,,not_available,,not_available
190150,002707,Columbia University in the City of New York,"Private, nonprofit",45.06,Economics.,5,Master's Degree,true,147,reported,179,reported,,privacy_suppressed,,privacy_suppressed,,privacy_suppressed,,privacy_suppressed,,privacy_suppressed
190150,002707,Columbia University in the City of New York,"Private, nonprofit",52.13,Management Sciences and Quantitative Methods.,5,Master's Degree,false,1533,reported,1746,reported,197821,reported,116859,reported,122110,reported,345,reported,61130,reported
190415,002711,Cornell University,"Private, nonprofit",27.05,Statistics.,5,Master's Degree,false,71,reported,71,reported,,privacy_suppressed,,privacy_suppressed,,privacy_suppressed,,privacy_suppressed,,privacy_suppressed
190415,002711,Cornell University,"Private, nonprofit",45.06,Economics.,5,Master's Degree,true,72,reported,67,reported,,privacy_suppressed,,privacy_suppressed,,privacy_suppressed,,privacy_suppressed,,privacy_suppressed
190415,002711,Cornell University,"Private, nonprofit",52.13,Management Sciences and Quantitative Methods.,5,Master's Degree,false,406,reported,403,reported,,privacy_suppressed,,privacy_suppressed,,privacy_suppressed,,privacy_suppressed,,privacy_suppressed
190512,007273,CUNY Bernard M Baruch College,Public,27.05,Statistics.,5,Master's Degree,false,49,reported,29,reported,84032,reported,127189,reported,109814,reported,18,reported,,privacy_suppressed
190512,007273,CUNY Bernard M Baruch College,Public,30.71,Data Analytics.,5,Master's Degree,false,,not_available,137,reported,,not_available,,privacy_suppressed,,not_available,,not_available,,not_available
190512,007273,CUNY Bernard M Baruch College,Public,45.06,Economics.,5,Master's Degree,true,0,reported,0,reported,,privacy_suppressed,,privacy_suppressed,,privacy_suppressed,,privacy_suppressed,,privacy_suppressed
190512,007273,CUNY Bernard M Baruch College,Public,52.13,Management Sciences and Quantitative Methods.,5,Master's Degree,false,312,reported,188,reported,103676,reported,137636,reported,,privacy_suppressed,42,reported,21917,reported
190549,002687,CUNY Brooklyn College,Public,45.06,Economics.,5,Master's Degree,true,,not_available,,not_available,,privacy_suppressed,,privacy_suppressed,89124,reported,,privacy_suppressed,,privacy_suppressed
190567,002688,CUNY City College,Public,45.06,Economics.,5,Master's Degree,true,26,reported,17,reported,,privacy_suppressed,,privacy_suppressed,,privacy_suppressed,,privacy_suppressed,,privacy_suppressed
190576,004765,CUNY Graduate School and University Center,Public,27.05,Statistics.,5,Master's Degree,false,22,reported,8,reported,,privacy_suppressed,,privacy_suppressed,,privacy_suppressed,,privacy_suppressed,,privacy_suppressed
190576,004765,CUNY Graduate School and University Center,Public,45.06,Economics.,5,Master's Degree,true,20,reported,5,reported,,privacy_suppressed,,privacy_suppressed,,privacy_suppressed,,privacy_suppressed,,privacy_suppressed
190594,002689,CUNY Hunter College,Public,27.05,Statistics.,5,Master's Degree,false,19,reported,19,reported,,privacy_suppressed,,privacy_suppressed,,privacy_suppressed,,privacy_suppressed,,privacy_suppressed
190594,002689,CUNY Hunter College,Public,45.06,Economics.,5,Master's Degree,true,21,reported,25,reported,,privacy_suppressed,,privacy_suppressed,,privacy_suppressed,,privacy_suppressed,,privacy_suppressed
190600,002693,CUNY John Jay College of Criminal Justice,Public,45.06,Economics.,5,Master's Degree,true,14,reported,11,reported,,privacy_suppressed,,privacy_suppressed,,privacy_suppressed,,privacy_suppressed,,privacy_suppressed
190664,002690,CUNY Queens College,Public,27.05,Statistics.,5,Master's Degree,false,24,reported,18,reported,,privacy_suppressed,,privacy_suppressed,,privacy_suppressed,,privacy_suppressed,,privacy_suppressed
190664,002690,CUNY Queens College,Public,45.06,Economics.,5,Master's Degree,true,0,reported,0,reported,,privacy_suppressed,,privacy_suppressed,,privacy_suppressed,,privacy_suppressed,,privacy_suppressed
190664,002690,CUNY Queens College,Public,52.13,Management Sciences and Quantitative Methods.,5,Master's Degree,false,9,reported,13,reported,,privacy_suppressed,,privacy_suppressed,,privacy_suppressed,,privacy_suppressed,,privacy_suppressed
191241,002722,Fordham University,"Private, nonprofit",27.05,Statistics.,5,Master's Degree,false,5,reported,19,reported,,privacy_suppressed,,privacy_suppressed,,privacy_suppressed,,privacy_suppressed,,privacy_suppressed
191241,002722,Fordham University,"Private, nonprofit",30.70,Data Science.,5,Master's Degree,false,,not_available,35,reported,,not_available,,privacy_suppressed,,not_available,,not_available,,not_available
191241,002722,Fordham University,"Private, nonprofit",30.71,Data Analytics.,5,Master's Degree,false,106,reported,102,reported,,not_available,,privacy_suppressed,,not_available,,not_available,,not_available
191241,002722,Fordham University,"Private, nonprofit",45.06,Economics.,5,Master's Degree,true,15,reported,22,reported,67147,reported,105001,reported,115581,reported,26,reported,,privacy_suppressed
191241,002722,Fordham University,"Private, nonprofit",52.13,Management Sciences and Quantitative Methods.,5,Master's Degree,false,185,reported,286,reported,,privacy_suppressed,,privacy_suppressed,,privacy_suppressed,,privacy_suppressed,,privacy_suppressed
191649,002732,Hofstra University,"Private, nonprofit",52.13,Management Sciences and Quantitative Methods.,5,Master's Degree,false,209,reported,216,reported,,privacy_suppressed,,privacy_suppressed,,privacy_suppressed,,privacy_suppressed,,privacy_suppressed
192448,002751,Long Island University,"Private, nonprofit",30.71,Data Analytics.,5,Master's Degree,false,26,reported,24,reported,,privacy_suppressed,,privacy_suppressed,,privacy_suppressed,,privacy_suppressed,,privacy_suppressed
192448,002751,Long Island University,"Private, nonprofit",45.06,Economics.,5,Master's Degree,true,0,reported,0,reported,,privacy_suppressed,,privacy_suppressed,,privacy_suppressed,,privacy_suppressed,,privacy_suppressed
192703,002758,Manhattan University,"Private, nonprofit",52.13,Management Sciences and Quantitative Methods.,5,Master's Degree,false,77,reported,71,reported,,privacy_suppressed,,privacy_suppressed,,privacy_suppressed,,privacy_suppressed,,privacy_suppressed
193016,002772,Mercy University,"Private, nonprofit",52.13,Management Sciences and Quantitative Methods.,5,Master's Degree,false,6,reported,15,reported,,not_available,,privacy_suppressed,,not_available,,not_available,,not_available
193654,020662,The New School,"Private, nonprofit",45.06,Economics.,5,Master's Degree,true,11,reported,15,reported,,privacy_suppressed,,privacy_suppressed,,privacy_suppressed,,privacy_suppressed,,privacy_suppressed
193900,002785,New York University,"Private, nonprofit",27.05,Statistics.,5,Master's Degree,false,161,reported,202,reported,104788,reported,128820,reported,,privacy_suppressed,37,reported,66241,reported
193900,002785,New York University,"Private, nonprofit",30.71,Data Analytics.,5,Master's Degree,false,0,reported,52,reported,,not_available,,privacy_suppressed,,not_available,,not_available,,not_available
193900,002785,New York University,"Private, nonprofit",45.06,Economics.,5,Master's Degree,true,43,reported,190,reported,,privacy_suppressed,,privacy_suppressed,,privacy_suppressed,,privacy_suppressed,,privacy_suppressed
193900,002785,New York University,"Private, nonprofit",52.13,Management Sciences and Quantitative Methods.,5,Master's Degree,false,636,reported,967,reported,178835,reported,188168,reported,,privacy_suppressed,255,reported,92250,reported
194091,002782,New York Institute of Technology,"Private, nonprofit",52.13,Management Sciences and Quantitative Methods.,5,Master's Degree,false,72,reported,84,reported,,privacy_suppressed,,privacy_suppressed,,privacy_suppressed,,privacy_suppressed,,privacy_suppressed
194310,002791,Pace University,"Private, nonprofit",30.71,Data Analytics.,5,Master's Degree,false,6,reported,30,reported,,privacy_suppressed,,privacy_suppressed,,privacy_suppressed,,privacy_suppressed,,not_available
194310,002791,Pace University,"Private, nonprofit",45.06,Economics.,5,Master's Degree,true,5,reported,13,reported,,privacy_suppressed,,privacy_suppressed,,privacy_suppressed,,privacy_suppressed,,privacy_suppressed
194310,002791,Pace University,"Private, nonprofit",52.13,Management Sciences and Quantitative Methods.,5,Master's Degree,false,69,reported,97,reported,,privacy_suppressed,,privacy_suppressed,,privacy_suppressed,,privacy_suppressed,,privacy_suppressed
194824,002803,Rensselaer Polytechnic Institute,"Private, nonprofit",45.06,Economics.,5,Master's Degree,true,3,reported,2,reported,,privacy_suppressed,,privacy_suppressed,,privacy_suppressed,,privacy_suppressed,,privacy_suppressed
194824,002803,Rensselaer Polytechnic Institute,"Private, nonprofit",52.13,Management Sciences and Quantitative Methods.,5,Master's Degree,false,46,reported,100,reported,90498,reported,112190,reported,127402,reported,24,reported,,privacy_suppressed
195003,002806,Rochester Institute of Technology,"Private, nonprofit",27.05,Statistics.,5,Master's Degree,false,,not_available,,not_available,92020,reported,,privacy_suppressed,104267,reported,17,reported,,privacy_suppressed
195003,002806,Rochester Institute of Technology,"Private, nonprofit",27.06,Applied Statistics.,5,Master's Degree,false,24,reported,17,reported,,privacy_suppressed,,privacy_suppressed,,privacy_suppressed,,privacy_suppressed,,not_available
195003,002806,Rochester Institute of Technology,"Private, nonprofit",30.71,Data Analytics.,5,Master's Degree,false,0,reported,3,reported,,not_available,,privacy_suppressed,,not_available,,not_available,,not_available
195003,002806,Rochester Institute of Technology,"Private, nonprofit",52.13,Management Sciences and Quantitative Methods.,5,Master's Degree,false,81,reported,115,reported,,privacy_suppressed,,privacy_suppressed,,privacy_suppressed,,privacy_suppressed,,privacy_suppressed
195030,002894,University of Rochester,"Private, nonprofit",27.05,Statistics.,5,Master's Degree,false,6,reported,3,reported,,privacy_suppressed,,privacy_suppressed,,privacy_suppressed,,privacy_suppressed,,privacy_suppressed
195030,002894,University of Rochester,"Private, nonprofit",45.06,Economics.,5,Master's Degree,true,15,reported,13,reported,,privacy_suppressed,,privacy_suppressed,,privacy_suppressed,,privacy_suppressed,,privacy_suppressed
195030,002894,University of Rochester,"Private, nonprofit",52.13,Management Sciences and Quantitative Methods.,5,Master's Degree,false,389,reported,768,reported,127604,reported,149877,reported,,privacy_suppressed,109,reported,46751,reported
195164,002817,St Bonaventure University,"Private, nonprofit",30.71,Data Analytics.,5,Master's Degree,false,4,reported,9,reported,,not_available,,privacy_suppressed,,not_available,,not_available,,not_available
195234,002705,The College of Saint Rose,"Private, nonprofit",52.13,Management Sciences and Quantitative Methods.,5,Master's Degree,false,10,reported,3,reported,,privacy_suppressed,,privacy_suppressed,,privacy_suppressed,,privacy_suppressed,,privacy_suppressed
195474,002816,Siena University,"Private, nonprofit",52.13,Management Sciences and Quantitative Methods.,5,Master's Degree,false,,not_available,,not_available,59601,reported,,privacy_suppressed,,privacy_suppressed,24,reported,20500,reported
195720,002821,St. John Fisher University,"Private, nonprofit",27.05,Statistics.,5,Master's Degree,false,2,reported,0,reported,,privacy_suppressed,,privacy_suppressed,,privacy_suppressed,,privacy_suppressed,,not_available
195809,002823,St. John's University-New York,"Private, nonprofit",52.13,Management Sciences and Quantitative Methods.,5,Master's Degree,false,63,reported,54,reported,82969,reported,121339,reported,,privacy_suppressed,44,reported,28055,reported
196060,002835,University at Albany,Public,27.05,Statistics.,5,Master's Degree,false,0,reported,0,reported,,privacy_suppressed,,privacy_suppressed,,privacy_suppressed,,privacy_suppressed,,privacy_suppressed
196060,002835,University at Albany,Public,30.71,Data Analytics.,5,Master's Degree,false,,not_available,0,reported,,not_available,,privacy_suppressed,,not_available,,not_available,,not_available
196060,002835,University at Albany,Public,45.06,Economics.,5,Master's Degree,true,17,reported,17,reported,,privacy_suppressed,,privacy_suppressed,,privacy_suppressed,,privacy_suppressed,,privacy_suppressed
196079,002836,Binghamton University,Public,27.05,Statistics.,5,Master's Degree,false,8,reported,2,reported,,privacy_suppressed,,privacy_suppressed,,privacy_suppressed,,privacy_suppressed,,privacy_suppressed
196079,002836,Binghamton University,Public,45.06,Economics.,5,Master's Degree,true,23,reported,14,reported,54883,reported,,privacy_suppressed,,privacy_suppressed,16,reported,,privacy_suppressed
196088,002837,University at Buffalo,Public,30.70,Data Science.,5,Master's Degree,false,0,reported,1,reported,,privacy_suppressed,,privacy_suppressed,,privacy_suppressed,,privacy_suppressed,,privacy_suppressed
196088,002837,University at Buffalo,Public,45.06,Economics.,5,Master's Degree,true,31,reported,33,reported,,privacy_suppressed,,privacy_suppressed,,privacy_suppressed,,privacy_suppressed,,privacy_suppressed
196088,002837,University at Buffalo,Public,52.13,Management Sciences and Quantitative Methods.,5,Master's Degree,false,12,reported,89,reported,,privacy_suppressed,,privacy_suppressed,,privacy_suppressed,,privacy_suppressed,,not_available
196097,002838,Stony Brook University,Public,30.70,Data Science.,5,Master's Degree,false,,not_available,0,reported,,not_available,,privacy_suppressed,,not_available,,not_available,,not_available
196097,002838,Stony Brook University,Public,45.06,Economics.,5,Master's Degree,true,6,reported,2,reported,,privacy_suppressed,,privacy_suppressed,,privacy_suppressed,,privacy_suppressed,,privacy_suppressed
196130,002842,SUNY Buffalo State University,Public,30.71,Data Analytics.,5,Master's Degree,false,9,reported,14,reported,,privacy_suppressed,,privacy_suppressed,,privacy_suppressed,,privacy_suppressed,,privacy_suppressed
196130,002842,SUNY Buffalo State University,Public,45.06,Economics.,5,Master's Degree,true,0,reported,1,reported,,privacy_suppressed,,privacy_suppressed,,privacy_suppressed,,privacy_suppressed,,privacy_suppressed
196130,002842,SUNY Buffalo State University,Public,52.13,Management Sciences and Quantitative Methods.,5,Master's Degree,false,0,reported,0,reported,,privacy_suppressed,,privacy_suppressed,,privacy_suppressed,,privacy_suppressed,,privacy_suppressed
196194,002848,State University of New York at Oswego,Public,45.06,Economics.,5,Master's Degree,true,,not_available,,not_available,,privacy_suppressed,,privacy_suppressed,,privacy_suppressed,,privacy_suppressed,,privacy_suppressed
196246,002849,State University of New York at Plattsburgh,Public,30.71,Data Analytics.,5,Master's Degree,false,,not_available,13,reported,,not_available,,privacy_suppressed,,not_available,,not_available,,not_available
196413,002882,Syracuse University,"Private, nonprofit",27.05,Statistics.,5,Master's Degree,false,3,reported,9,reported,,privacy_suppressed,,privacy_suppressed,,privacy_suppressed,,privacy_suppressed,,privacy_suppressed
196413,002882,Syracuse University,"Private, nonprofit",45.06,Economics.,5,Master's Degree,true,8,reported,4,reported,,privacy_suppressed,,privacy_suppressed,,privacy_suppressed,,privacy_suppressed,,privacy_suppressed
196413,002882,Syracuse University,"Private, nonprofit",52.13,Management Sciences and Quantitative Methods.,5,Master's Degree,false,114,reported,199,reported,100873,reported,124750,reported,,privacy_suppressed,60,reported,58146,reported
196468,003979,Teachers College at Columbia University,"Private, nonprofit",45.06,Economics.,5,Master's Degree,true,11,reported,29,reported,,privacy_suppressed,,privacy_suppressed,,privacy_suppressed,,privacy_suppressed,,privacy_suppressed
196592,010142,Touro University,"Private, nonprofit",52.13,Management Sciences and Quantitative Methods.,5,Master's Degree,false,,not_available,1,reported,,not_available,,privacy_suppressed,,not_available,,not_available,,not_available
197708,002903,Yeshiva University,"Private, nonprofit",45.06,Economics.,5,Master's Degree,true,0,reported,0,reported,,privacy_suppressed,,privacy_suppressed,,privacy_suppressed,,privacy_suppressed,,privacy_suppressed
198419,002920,Duke University,"Private, nonprofit",27.05,Statistics.,5,Master's Degree,false,35,reported,53,reported,,privacy_suppressed,,privacy_suppressed,,privacy_suppressed,,privacy_suppressed,,privacy_suppressed
198419,002920,Duke University,"Private, nonprofit",30.70,Data Science.,5,Master's Degree,false,,not_available,38,reported,,not_available,,privacy_suppressed,,not_available,,not_available,,not_available
198419,002920,Duke University,"Private, nonprofit",45.06,Economics.,5,Master's Degree,true,64,reported,87,reported,,privacy_suppressed,,privacy_suppressed,140750,reported,,privacy_suppressed,,privacy_suppressed
198419,002920,Duke University,"Private, nonprofit",52.13,Management Sciences and Quantitative Methods.,5,Master's Degree,false,1138,reported,999,reported,104689,reported,152389,reported,,privacy_suppressed,45,reported,66943,reported
198464,002923,East Carolina University,Public,30.70,Data Science.,5,Master's Degree,false,,not_available,9,reported,,not_available,,privacy_suppressed,,not_available,,not_available,,not_available
198464,002923,East Carolina University,Public,45.06,Economics.,5,Master's Degree,true,16,reported,12,reported,,privacy_suppressed,,privacy_suppressed,,privacy_suppressed,,privacy_suppressed,,privacy_suppressed
198516,002927,Elon University,"Private, nonprofit",52.13,Management Sciences and Quantitative Methods.,5,Master's Degree,false,17,reported,16,reported,,privacy_suppressed,,privacy_suppressed,,privacy_suppressed,,privacy_suppressed,,privacy_suppressed
198561,002929,Gardner-Webb University,"Private, nonprofit",45.06,Economics.,5,Master's Degree,true,0,reported,0,reported,,privacy_suppressed,,privacy_suppressed,,privacy_suppressed,,privacy_suppressed,,privacy_suppressed
198695,002933,High Point University,"Private, nonprofit",30.71,Data Analytics.,5,Master's Degree,false,0,reported,4,reported,,not_available,,privacy_suppressed,,not_available,,not_available,,not_available
199102,002905,North Carolina A & T State University,Public,30.71,Data Analytics.,5,Master's Degree,false,0,reported,0,reported,,not_available,,privacy_suppressed,,not_available,,not_available,,not_available
199120,002974,University of North Carolina at Chapel Hill,Public,27.05,Statistics.,5,Master's Degree,false,14,reported,8,reported,,privacy_suppressed,,privacy_suppressed,,privacy_suppressed,,privacy_suppressed,,privacy_suppressed
199120,002974,University of North Carolina at Chapel Hill,Public,30.70,Data Science.,5,Master's Degree,false,,not_available,0,reported,,not_available,,privacy_suppressed,,not_available,,not_available,,not_available
199120,002974,University of North Carolina at Chapel Hill,Public,45.06,Economics.,5,Master's Degree,true,11,reported,11,reported,,privacy_suppressed,,privacy_suppressed,,privacy_suppressed,,privacy_suppressed,,privacy_suppressed
199120,002974,University of North Carolina at Chapel Hill,Public,52.13,Management Sciences and Quantitative Methods.,5,Master's Degree,false,744,reported,824,reported,,privacy_suppressed,,privacy_suppressed,,privacy_suppressed,,privacy_suppressed,,privacy_suppressed
199139,002975,University of North Carolina at Charlotte,Public,45.06,Economics.,5,Master's Degree,true,21,reported,14,reported,,privacy_suppressed,,privacy_suppressed,,privacy_suppressed,,privacy_suppressed,,privacy_suppressed
199139,002975,University of North Carolina at Charlotte,Public,52.13,Management Sciences and Quantitative Methods.,5,Master's Degree,false,85,reported,86,reported,103520,reported,151262,reported,,privacy_suppressed,48,reported,30750,reported
199148,002976,University of North Carolina at Greensboro,Public,27.06,Applied Statistics.,5,Master's Degree,false,1,reported,3,reported,,privacy_suppressed,,privacy_suppressed,,privacy_suppressed,,privacy_suppressed,,privacy_suppressed
199148,002976,University of North Carolina at Greensboro,Public,45.06,Economics.,5,Master's Degree,true,5,reported,11,reported,,privacy_suppressed,,privacy_suppressed,,privacy_suppressed,,privacy_suppressed,,privacy_suppressed
199193,002972,North Carolina State University at Raleigh,Public,27.05,Statistics.,5,Master's Degree,false,80,reported,65,reported,89500,reported,137104,reported,,privacy_suppressed,42,reported,21250,reported
199193,002972,North Carolina State University at Raleigh,Public,45.06,Economics.,5,Master's Degree,true,17,reported,24,reported,,privacy_suppressed,,privacy_suppressed,,privacy_suppressed,,privacy_suppressed,,privacy_suppressed
199193,002972,North Carolina State University at Raleigh,Public,52.13,Management Sciences and Quantitative Methods.,5,Master's Degree,false,324,reported,337,reported,,privacy_suppressed,,privacy_suppressed,,privacy_suppressed,,privacy_suppressed,,not_available
199218,002984,University of North Carolina Wilmington,Public,30.71,Data Analytics.,5,Master's Degree,false,,not_available,19,reported,,not_available,,privacy_suppressed,,not_available,,not_available,,not_available
199218,002984,University of North Carolina Wilmington,Public,52.13,Management Sciences and Quantitative Methods.,5,Master's Degree,false,93,reported,114,reported,75056,reported,,privacy_suppressed,,privacy_suppressed,36,reported,20314,reported
199412,002957,Queens University of Charlotte,"Private, nonprofit",30.71,Data Analytics.,5,Master's Degree,false,,not_available,0,reported,,not_available,,privacy_suppressed,,not_available,,not_available,,not_available
199847,002978,Wake Forest University,"Private, nonprofit",27.05,Statistics.,5,Master's Degree,false,8,reported,6,reported,,privacy_suppressed,,privacy_suppressed,,privacy_suppressed,,privacy_suppressed,,privacy_suppressed
199847,002978,Wake Forest University,"Private, nonprofit",30.71,Data Analytics.,5,Master's Degree,false,,not_available,0,reported,,not_available,,privacy_suppressed,,not_available,,not_available,,not_available
199847,002978,Wake Forest University,"Private, nonprofit",52.13,Management Sciences and Quantitative Methods.,5,Master's Degree,false,309,reported,276,reported,82055,reported,127072,reported,,privacy_suppressed,44,reported,50885,reported
200013,008694,Rasmussen University-North Dakota,"Private, for-profit",52.13,Management Sciences and Quantitative Methods.,5,Master's Degree,false,,not_available,0,reported,,privacy_suppressed,,privacy_suppressed,,privacy_suppressed,,privacy_suppressed,,not_available
200280,003005,University of North Dakota,Public,45.06,Economics.,5,Master's Degree,true,20,reported,19,reported,,privacy_suppressed,,privacy_suppressed,,privacy_suppressed,,privacy_suppressed,,privacy_suppressed
200332,002997,North Dakota State University-Main Campus,Public,27.05,Statistics.,5,Master's Degree,false,3,reported,3,reported,,privacy_suppressed,,privacy_suppressed,,privacy_suppressed,,privacy_suppressed,,privacy_suppressed
200332,002997,North Dakota State University-Main Campus,Public,45.06,Economics.,5,Master's Degree,true,1,reported,2,reported,,privacy_suppressed,,privacy_suppressed,,privacy_suppressed,,privacy_suppressed,,privacy_suppressed
200332,002997,North Dakota State University-Main Campus,Public,52.13,Management Sciences and Quantitative Methods.,5,Master's Degree,false,22,reported,14,reported,,privacy_suppressed,,privacy_suppressed,,privacy_suppressed,,privacy_suppressed,,not_available
200697,003009,Air Force Institute of Technology-Graduate School of Engineering & Management,Public,30.70,Data Science.,5,Master's Degree,false,0,reported,7,reported,,not_available,,privacy_suppressed,,not_available,,not_available,,not_available
200697,003009,Air Force Institute of Technology-Graduate School of Engineering & Management,Public,30.71,Data Analytics.,5,Master's Degree,false,7,reported,3,reported,,privacy_suppressed,,privacy_suppressed,,privacy_suppressed,,privacy_suppressed,,not_available
200697,003009,Air Force Institute of Technology-Graduate School of Engineering & Management,Public,45.06,Economics.,5,Master's Degree,true,8,reported,11,reported,,privacy_suppressed,,privacy_suppressed,,privacy_suppressed,,privacy_suppressed,,privacy_suppressed
200800,003123,University of Akron Main Campus,Public,27.05,Statistics.,5,Master's Degree,false,9,reported,2,reported,,privacy_suppressed,,privacy_suppressed,,privacy_suppressed,,privacy_suppressed,,privacy_suppressed
200800,003123,University of Akron Main Campus,Public,30.71,Data Analytics.,5,Master's Degree,false,,not_available,6,reported,,not_available,,privacy_suppressed,,not_available,,not_available,,not_available
200800,003123,University of Akron Main Campus,Public,45.06,Economics.,5,Master's Degree,true,0,reported,,not_available,,privacy_suppressed,,privacy_suppressed,,privacy_suppressed,,privacy_suppressed,,privacy_suppressed
200800,003123,University of Akron Main Campus,Public,52.13,Management Sciences and Quantitative Methods.,5,Master's Degree,false,7,reported,5,reported,,privacy_suppressed,,privacy_suppressed,,privacy_suppressed,,privacy_suppressed,,privacy_suppressed
201195,003014,Baldwin Wallace University,"Private, nonprofit",52.13,Management Sciences and Quantitative Methods.,5,Master's Degree,false,16,reported,15,reported,86919,reported,117150,reported,,privacy_suppressed,26,reported,,privacy_suppressed
201441,003018,Bowling Green State University-Main Campus,Public,27.05,Statistics.,5,Master's Degree,false,,not_available,,not_available,,privacy_suppressed,,privacy_suppressed,,privacy_suppressed,,privacy_suppressed,,privacy_suppressed
201441,003018,Bowling Green State University-Main Campus,Public,27.06,Applied Statistics.,5,Master's Degree,false,10,reported,15,reported,,privacy_suppressed,,privacy_suppressed,,privacy_suppressed,,privacy_suppressed,,privacy_suppressed
201441,003018,Bowling Green State University-Main Campus,Public,30.70,Data Science.,5,Master's Degree,false,2,reported,5,reported,,privacy_suppressed,,privacy_suppressed,,privacy_suppressed,,privacy_suppressed,,not_available
201441,003018,Bowling Green State University-Main Campus,Public,30.71,Data Analytics.,5,Master's Degree,false,17,reported,6,reported,,privacy_suppressed,,privacy_suppressed,,privacy_suppressed,,privacy_suppressed,,privacy_suppressed
201441,003018,Bowling Green State University-Main Campus,Public,45.06,Economics.,5,Master's Degree,true,5,reported,9,reported,,privacy_suppressed,,privacy_suppressed,,privacy_suppressed,,privacy_suppressed,,privacy_suppressed
201645,003024,Case Western Reserve University,"Private, nonprofit",27.05,Statistics.,5,Master's Degree,false,2,reported,3,reported,,privacy_suppressed,,privacy_suppressed,,privacy_suppressed,,privacy_suppressed,,privacy_suppressed
201645,003024,Case Western Reserve University,"Private, nonprofit",52.13,Management Sciences and Quantitative Methods.,5,Master's Degree,false,20,reported,54,reported,,privacy_suppressed,,privacy_suppressed,,privacy_suppressed,,privacy_suppressed,,privacy_suppressed
201885,003125,University of Cincinnati-Main Campus,Public,27.05,Statistics.,5,Master's Degree,false,2,reported,7,reported,,privacy_suppressed,,privacy_suppressed,,privacy_suppressed,,privacy_suppressed,,privacy_suppressed
201885,003125,University of Cincinnati-Main Campus,Public,45.06,Economics.,5,Master's Degree,true,19,reported,14,reported,79110,reported,121786,reported,,privacy_suppressed,22,reported,,privacy_suppressed
201885,003125,University of Cincinnati-Main Campus,Public,52.13,Management Sciences and Quantitative Methods.,5,Master's Degree,false,101,reported,109,reported,84574,reported,134906,reported,,privacy_suppressed,23,reported,,privacy_suppressed
202134,003032,Cleveland State University,Public,45.06,Economics.,5,Master's Degree,true,3,reported,6,reported,,privacy_suppressed,,privacy_suppressed,,privacy_suppressed,,privacy_suppressed,,privacy_suppressed
202480,003127,University of Dayton,"Private, nonprofit",52.13,Management Sciences and Quantitative Methods.,5,Master's Degree,false,14,reported,43,reported,,privacy_suppressed,,privacy_suppressed,,privacy_suppressed,,privacy_suppressed,,privacy_suppressed
202806,003046,Franklin University,"Private, nonprofit",30.71,Data Analytics.,5,Master's Degree,false,28,reported,44,reported,,privacy_suppressed,,privacy_suppressed,,privacy_suppressed,,privacy_suppressed,,not_available
203517,003051,Kent State University at Kent,Public,30.70,Data Science.,5,Master's Degree,false,0,reported,4,reported,,not_available,,privacy_suppressed,,not_available,,not_available,,not_available
203517,003051,Kent State University at Kent,Public,45.06,Economics.,5,Master's Degree,true,3,reported,8,reported,,privacy_suppressed,,privacy_suppressed,,privacy_suppressed,,privacy_suppressed,,privacy_suppressed
203517,003051,Kent State University at Kent,Public,52.13,Management Sciences and Quantitative Methods.,5,Master's Degree,false,21,reported,60,reported,,privacy_suppressed,,privacy_suppressed,,privacy_suppressed,,privacy_suppressed,,privacy_suppressed
204024,003077,Miami University-Oxford,Public,27.05,Statistics.,5,Master's Degree,false,12,reported,11,reported,,privacy_suppressed,,privacy_suppressed,,privacy_suppressed,,privacy_suppressed,,privacy_suppressed
204024,003077,Miami University-Oxford,Public,45.06,Economics.,5,Master's Degree,true,8,reported,12,reported,,privacy_suppressed,,privacy_suppressed,,privacy_suppressed,,privacy_suppressed,,privacy_suppressed
204024,003077,Miami University-Oxford,Public,52.13,Management Sciences and Quantitative Methods.,5,Master's Degree,false,13,reported,14,reported,,privacy_suppressed,,privacy_suppressed,,privacy_suppressed,,privacy_suppressed,,not_available
204185,003083,University of Mount Union,"Private, nonprofit",52.13,Management Sciences and Quantitative Methods.,5,Master's Degree,false,,not_available,2,reported,,not_available,,privacy_suppressed,,not_available,,not_available,,not_available
204617,003035,Ohio Dominican University,"Private, nonprofit",52.13,Management Sciences and Quantitative Methods.,5,Master's Degree,false,0,reported,,not_available,71595,reported,100261,reported,91625,reported,27,reported,38406,reported
204796,003090,Ohio State University-Main Campus,Public,27.05,Statistics.,5,Master's Degree,false,26,reported,18,reported,,privacy_suppressed,,privacy_suppressed,,privacy_suppressed,,privacy_suppressed,,privacy_suppressed
204796,003090,Ohio State University-Main Campus,Public,45.06,Economics.,5,Master's Degree,true,30,reported,28,reported,71107,reported,,privacy_suppressed,,privacy_suppressed,16,reported,,privacy_suppressed
204796,003090,Ohio State University-Main Campus,Public,52.13,Management Sciences and Quantitative Methods.,5,Master's Degree,false,35,reported,48,reported,,privacy_suppressed,,privacy_suppressed,,privacy_suppressed,,privacy_suppressed,,privacy_suppressed
204857,003100,Ohio University-Main Campus,Public,30.71,Data Analytics.,5,Master's Degree,false,112,reported,117,reported,,privacy_suppressed,,privacy_suppressed,,privacy_suppressed,,privacy_suppressed,,privacy_suppressed
204857,003100,Ohio University-Main Campus,Public,45.06,Economics.,5,Master's Degree,true,32,reported,40,reported,85818,reported,97827,reported,,privacy_suppressed,43,reported,40849,reported
206048,003121,Tiffin University,"Private, nonprofit",52.13,Management Sciences and Quantitative Methods.,5,Master's Degree,false,13,reported,9,reported,,privacy_suppressed,,privacy_suppressed,,privacy_suppressed,,privacy_suppressed,,privacy_suppressed
206084,003131,University of Toledo,Public,45.06,Economics.,5,Master's Degree,true,6,reported,5,reported,,privacy_suppressed,,privacy_suppressed,,privacy_suppressed,,privacy_suppressed,,privacy_suppressed
206084,003131,University of Toledo,Public,52.13,Management Sciences and Quantitative Methods.,5,Master's Degree,false,6,reported,13,reported,,privacy_suppressed,,privacy_suppressed,,privacy_suppressed,,privacy_suppressed,,privacy_suppressed
206437,003135,Walsh University,"Private, nonprofit",52.13,Management Sciences and Quantitative Methods.,5,Master's Degree,false,4,reported,0,reported,,not_available,,privacy_suppressed,,not_available,,not_available,,not_available
206525,003143,Wittenberg University,"Private, nonprofit",52.13,Management Sciences and Quantitative Methods.,5,Master's Degree,false,18,reported,5,reported,,privacy_suppressed,,privacy_suppressed,,privacy_suppressed,,privacy_suppressed,,privacy_suppressed
206604,003078,Wright State University-Main Campus,Public,27.05,Statistics.,5,Master's Degree,false,4,reported,1,reported,,privacy_suppressed,,privacy_suppressed,,privacy_suppressed,,privacy_suppressed,,privacy_suppressed
206604,003078,Wright State University-Main Campus,Public,30.71,Data Analytics.,5,Master's Degree,false,12,reported,12,reported,,not_available,,privacy_suppressed,,not_available,,not_available,,not_available
206604,003078,Wright State University-Main Campus,Public,45.06,Economics.,5,Master's Degree,true,6,reported,6,reported,,privacy_suppressed,,privacy_suppressed,88357,reported,,privacy_suppressed,,privacy_suppressed
206604,003078,Wright State University-Main Campus,Public,52.13,Management Sciences and Quantitative Methods.,5,Master's Degree,false,11,reported,8,reported,,privacy_suppressed,,privacy_suppressed,,privacy_suppressed,,privacy_suppressed,,privacy_suppressed
206622,003144,Xavier University,"Private, nonprofit",30.71,Data Analytics.,5,Master's Degree,false,3,reported,1,reported,,privacy_suppressed,,privacy_suppressed,,privacy_suppressed,,privacy_suppressed,,privacy_suppressed
206622,003144,Xavier University,"Private, nonprofit",52.13,Management Sciences and Quantitative Methods.,5,Master's Degree,false,16,reported,16,reported,,privacy_suppressed,,privacy_suppressed,,privacy_suppressed,,privacy_suppressed,,privacy_suppressed
206695,003145,Youngstown State University,Public,45.06,Economics.,5,Master's Degree,true,9,reported,4,reported,,privacy_suppressed,,privacy_suppressed,,privacy_suppressed,,privacy_suppressed,,privacy_suppressed
206941,003152,University of Central Oklahoma,Public,52.13,Management Sciences and Quantitative Methods.,5,Master's Degree,false,30,reported,11,reported,,privacy_suppressed,,privacy_suppressed,,privacy_suppressed,,privacy_suppressed,,privacy_suppressed
207041,003154,East Central University,Public,52.13,Management Sciences and Quantitative Methods.,5,Master's Degree,false,,not_available,10,reported,,not_available,,privacy_suppressed,,not_available,,not_available,,not_available
207324,003165,Oklahoma Christian University,"Private, nonprofit",52.13,Management Sciences and Quantitative Methods.,5,Master's Degree,false,21,reported,20,reported,,not_available,,privacy_suppressed,,not_available,,not_available,,not_available
207388,003170,Oklahoma State University-Main Campus,Public,27.05,Statistics.,5,Master's Degree,false,4,reported,7,reported,,privacy_suppressed,,privacy_suppressed,,privacy_suppressed,,privacy_suppressed,,privacy_suppressed
207388,003170,Oklahoma State University-Main Campus,Public,52.13,Management Sciences and Quantitative Methods.,5,Master's Degree,false,38,reported,75,reported,,privacy_suppressed,,privacy_suppressed,,privacy_suppressed,,privacy_suppressed,,privacy_suppressed
207500,003184,University of Oklahoma-Norman Campus,Public,45.06,Economics.,5,Master's Degree,true,15,reported,7,reported,87013,reported,,privacy_suppressed,,privacy_suppressed,16,reported,,privacy_suppressed
207582,003985,Oral Roberts University,"Private, nonprofit",52.13,Management Sciences and Quantitative Methods.,5,Master's Degree,false,0,reported,,not_available,,privacy_suppressed,,privacy_suppressed,,privacy_suppressed,,privacy_suppressed,,privacy_suppressed
207971,003185,University of Tulsa,"Private, nonprofit",52.13,Management Sciences and Quantitative Methods.,5,Master's Degree,false,13,reported,16,reported,,privacy_suppressed,,privacy_suppressed,,privacy_suppressed,,privacy_suppressed,,privacy_suppressed
209287,003206,Multnomah University,"Private, nonprofit",52.13,Management Sciences and Quantitative Methods.,5,Master's Degree,false,5,reported,9,reported,,privacy_suppressed,,privacy_suppressed,,privacy_suppressed,,privacy_suppressed,,not_available
209542,003210,Oregon State University,Public,27.05,Statistics.,5,Master's Degree,false,44,reported,39,reported,104485,reported,,privacy_suppressed,,privacy_suppressed,20,reported,,privacy_suppressed
209542,003210,Oregon State University,Public,45.06,Economics.,5,Master's Degree,true,2,reported,3,reported,,privacy_suppressed,,privacy_suppressed,,privacy_suppressed,,privacy_suppressed,,privacy_suppressed
209542,003210,Oregon State University,Public,52.13,Management Sciences and Quantitative Methods.,5,Master's Degree,false,50,reported,50,reported,,privacy_suppressed,,privacy_suppressed,,privacy_suppressed,,privacy_suppressed,,privacy_suppressed
209551,003223,University of Oregon,Public,45.06,Economics.,5,Master's Degree,true,22,reported,16,reported,,privacy_suppressed,,privacy_suppressed,,privacy_suppressed,,privacy_suppressed,,privacy_suppressed
209551,003223,University of Oregon,Public,52.13,Management Sciences and Quantitative Methods.,5,Master's Degree,false,0,reported,0,reported,,privacy_suppressed,,privacy_suppressed,,privacy_suppressed,,privacy_suppressed,,privacy_suppressed
209807,003216,Portland State University,Public,27.05,Statistics.,5,Master's Degree,false,9,reported,15,reported,,privacy_suppressed,,privacy_suppressed,,privacy_suppressed,,privacy_suppressed,,privacy_suppressed
209807,003216,Portland State University,Public,45.06,Economics.,5,Master's Degree,true,6,reported,11,reported,,privacy_suppressed,,privacy_suppressed,,privacy_suppressed,,privacy_suppressed,,privacy_suppressed
209807,003216,Portland State University,Public,52.13,Management Sciences and Quantitative Methods.,5,Master's Degree,false,23,reported,30,reported,,privacy_suppressed,,privacy_suppressed,,privacy_suppressed,,privacy_suppressed,,not_available
209825,003224,University of Portland,"Private, nonprofit",52.13,Management Sciences and Quantitative Methods.,5,Master's Degree,false,12,reported,2,reported,,privacy_suppressed,,privacy_suppressed,,privacy_suppressed,,privacy_suppressed,,privacy_suppressed
210331,001339,Corban University,"Private, nonprofit",52.13,Management Sciences and Quantitative Methods.,5,Master's Degree,false,4,reported,4,reported,,privacy_suppressed,,privacy_suppressed,,privacy_suppressed,,privacy_suppressed,,not_available
210401,003227,Willamette University,"Private, nonprofit",30.70,Data Science.,5,Master's Degree,false,12,reported,10,reported,,privacy_suppressed,,privacy_suppressed,,privacy_suppressed,,privacy_suppressed,,not_available
210429,003209,Western Oregon University,Public,45.06,Economics.,5,Master's Degree,true,0,reported,0,reported,,privacy_suppressed,,privacy_suppressed,,privacy_suppressed,,privacy_suppressed,,privacy_suppressed
211352,003241,Cabrini University,"Private, nonprofit",30.70,Data Science.,5,Master's Degree,false,18,reported,11,reported,,privacy_suppressed,,privacy_suppressed,,privacy_suppressed,,privacy_suppressed,,not_available
211440,003242,Carnegie Mellon University,"Private, nonprofit",27.05,Statistics.,5,Master's Degree,false,34,reported,49,reported,,privacy_suppressed,132407,reported,,privacy_suppressed,,privacy_suppressed,,privacy_suppressed
211440,003242,Carnegie Mellon University,"Private, nonprofit",30.71,Data Analytics.,5,Master's Degree,false,6,reported,25,reported,,not_available,,privacy_suppressed,,not_available,,not_available,,not_available
211440,003242,Carnegie Mellon University,"Private, nonprofit",45.06,Economics.,5,Master's Degree,true,4,reported,5,reported,,privacy_suppressed,,privacy_suppressed,,privacy_suppressed,,privacy_suppressed,,privacy_suppressed
211440,003242,Carnegie Mellon University,"Private, nonprofit",52.13,Management Sciences and Quantitative Methods.,5,Master's Degree,false,297,reported,343,reported,169421,reported,,privacy_suppressed,,privacy_suppressed,122,reported,80887,reported
212054,003256,Drexel University,"Private, nonprofit",30.70,Data Science.,5,Master's Degree,false,,not_available,13,reported,,not_available,,privacy_suppressed,,not_available,,not_available,,not_available
212054,003256,Drexel University,"Private, nonprofit",30.71,Data Analytics.,5,Master's Degree,false,,not_available,64,reported,,not_available,,privacy_suppressed,,not_available,,not_available,,not_available
212054,003256,Drexel University,"Private, nonprofit",45.06,Economics.,5,Master's Degree,true,14,reported,11,reported,,privacy_suppressed,,privacy_suppressed,,privacy_suppressed,,privacy_suppressed,,privacy_suppressed
212054,003256,Drexel University,"Private, nonprofit",52.13,Management Sciences and Quantitative Methods.,5,Master's Degree,false,50,reported,86,reported,,privacy_suppressed,155026,reported,,privacy_suppressed,,privacy_suppressed,,privacy_suppressed
212106,003258,Duquesne University,"Private, nonprofit",52.13,Management Sciences and Quantitative Methods.,5,Master's Degree,false,35,reported,60,reported,64199,reported,,privacy_suppressed,,privacy_suppressed,24,reported,,privacy_suppressed
212133,003259,Eastern University,"Private, nonprofit",30.70,Data Science.,5,Master's Degree,false,153,reported,468,reported,,not_available,,privacy_suppressed,,not_available,,not_available,,not_available
212133,003259,Eastern University,"Private, nonprofit",30.71,Data Analytics.,5,Master's Degree,false,0,reported,0,reported,,not_available,,privacy_suppressed,,not_available,,not_available,,not_available
212133,003259,Eastern University,"Private, nonprofit",45.06,Economics.,5,Master's Degree,true,,not_available,,not_available,,privacy_suppressed,65464,reported,,privacy_suppressed,,privacy_suppressed,,privacy_suppressed
212601,003266,Gannon University,"Private, nonprofit",52.13,Management Sciences and Quantitative Methods.,5,Master's Degree,false,36,reported,108,reported,,not_available,,privacy_suppressed,,not_available,,not_available,,not_available
212805,003269,Grove City College,"Private, nonprofit",52.13,Management Sciences and Quantitative Methods.,5,Master's Degree,false,0,reported,8,reported,,not_available,,privacy_suppressed,,not_available,,not_available,,not_available
213020,003277,Indiana University of Pennsylvania,Public,52.13,Management Sciences and Quantitative Methods.,5,Master's Degree,false,18,reported,38,reported,,not_available,,privacy_suppressed,,not_available,,not_available,,not_available
213251,003279,Juniata College,"Private, nonprofit",30.70,Data Science.,5,Master's Degree,false,5,reported,3,reported,,privacy_suppressed,,privacy_suppressed,,privacy_suppressed,,privacy_suppressed,,privacy_suppressed
213367,003287,La Salle University,"Private, nonprofit",52.13,Management Sciences and Quantitative Methods.,5,Master's Degree,false,36,reported,33,reported,80897,reported,,privacy_suppressed,,privacy_suppressed,24,reported,,privacy_suppressed
213543,003289,Lehigh University,"Private, nonprofit",27.05,Statistics.,5,Master's Degree,false,10,reported,1,reported,,privacy_suppressed,,privacy_suppressed,,privacy_suppressed,,privacy_suppressed,,privacy_suppressed
213543,003289,Lehigh University,"Private, nonprofit",30.70,Data Science.,5,Master's Degree,false,,not_available,2,reported,,not_available,,privacy_suppressed,,not_available,,not_available,,not_available
213543,003289,Lehigh University,"Private, nonprofit",30.71,Data Analytics.,5,Master's Degree,false,17,reported,31,reported,,not_available,,privacy_suppressed,,not_available,,not_available,,not_available
213543,003289,Lehigh University,"Private, nonprofit",45.06,Economics.,5,Master's Degree,true,13,reported,15,reported,,privacy_suppressed,,privacy_suppressed,,privacy_suppressed,,privacy_suppressed,,privacy_suppressed
213543,003289,Lehigh University,"Private, nonprofit",52.13,Management Sciences and Quantitative Methods.,5,Master's Degree,false,14,reported,3,reported,,privacy_suppressed,,privacy_suppressed,,privacy_suppressed,,privacy_suppressed,,privacy_suppressed
213826,003296,Marywood University,"Private, nonprofit",52.13,Management Sciences and Quantitative Methods.,5,Master's Degree,false,3,reported,1,reported,,privacy_suppressed,,privacy_suppressed,,privacy_suppressed,,privacy_suppressed,,privacy_suppressed
213987,003297,Mercyhurst University,"Private, nonprofit",30.70,Data Science.,5,Master's Degree,false,,not_available,0,reported,,not_available,,privacy_suppressed,,not_available,,not_available,,not_available
214157,003301,Moravian University,"Private, nonprofit",30.71,Data Analytics.,5,Master's Degree,false,20,reported,9,reported,,privacy_suppressed,,privacy_suppressed,,privacy_suppressed,,privacy_suppressed,,not_available
214157,003301,Moravian University,"Private, nonprofit",52.13,Management Sciences and Quantitative Methods.,5,Master's Degree,false,4,reported,3,reported,,privacy_suppressed,,privacy_suppressed,,privacy_suppressed,,privacy_suppressed,,privacy_suppressed
214175,003304,Muhlenberg College,"Private, nonprofit",30.71,Data Analytics.,5,Master's Degree,false,5,reported,,not_available,,not_available,,privacy_suppressed,,not_available,,not_available,,not_available
214175,003304,Muhlenberg College,"Private, nonprofit",52.13,Management Sciences and Quantitative Methods.,5,Master's Degree,false,0,reported,,not_available,,privacy_suppressed,,privacy_suppressed,,privacy_suppressed,,privacy_suppressed,,privacy_suppressed
214607,003329,Pennsylvania State University-Penn State Great Valley,Public,52.13,Management Sciences and Quantitative Methods.,5,Master's Degree,false,5,reported,15,reported,110689,reported,139676,reported,144036,reported,249,reported,21500,reported
214713,003329,Pennsylvania State University-Penn State Harrisburg,Public,52.13,Management Sciences and Quantitative Methods.,5,Master's Degree,false,50,reported,51,reported,110689,reported,139676,reported,144036,reported,249,reported,21500,reported
214777,003329,Pennsylvania State University-Main Campus,Public,27.05,Statistics.,5,Master's Degree,false,12,reported,8,reported,100281,reported,129392,reported,133369,reported,40,reported,,privacy_suppressed
214777,003329,Pennsylvania State University-Main Campus,Public,45.06,Economics.,5,Master's Degree,true,10,reported,16,reported,,privacy_suppressed,,privacy_suppressed,,privacy_suppressed,,privacy_suppressed,,privacy_suppressed
214777,003329,Pennsylvania State University-Main Campus,Public,52.13,Management Sciences and Quantitative Methods.,5,Master's Degree,false,46,reported,149,reported,110689,reported,139676,reported,144036,reported,249,reported,21500,reported
215062,003378,University of Pennsylvania,"Private, nonprofit",27.05,Statistics.,5,Master's Degree,false,34,reported,33,reported,,privacy_suppressed,,privacy_suppressed,,privacy_suppressed,,privacy_suppressed,,privacy_suppressed
215062,003378,University of Pennsylvania,"Private, nonprofit",30.71,Data Analytics.,5,Master's Degree,false,,not_available,182,reported,,not_available,,privacy_suppressed,,not_available,,not_available,,not_available
215062,003378,University of Pennsylvania,"Private, nonprofit",45.06,Economics.,5,Master's Degree,true,25,reported,32,reported,,privacy_suppressed,,privacy_suppressed,,privacy_suppressed,,privacy_suppressed,,privacy_suppressed
215062,003378,University of Pennsylvania,"Private, nonprofit",52.13,Management Sciences and Quantitative Methods.,5,Master's Degree,false,240,reported,348,reported,88419,reported,106399,reported,265790,reported,111,reported,41000,reported
215293,003379,University of Pittsburgh-Pittsburgh Campus,Public,27.05,Statistics.,5,Master's Degree,false,11,reported,16,reported,,privacy_suppressed,,privacy_suppressed,,privacy_suppressed,,privacy_suppressed,,privacy_suppressed
215293,003379,University of Pittsburgh-Pittsburgh Campus,Public,30.71,Data Analytics.,5,Master's Degree,false,49,reported,75,reported,,not_available,,privacy_suppressed,,not_available,,not_available,,not_available
215293,003379,University of Pittsburgh-Pittsburgh Campus,Public,45.06,Economics.,5,Master's Degree,true,24,reported,15,reported,,privacy_suppressed,,privacy_suppressed,,privacy_suppressed,,privacy_suppressed,,privacy_suppressed
215293,003379,University of Pittsburgh-Pittsburgh Campus,Public,52.13,Management Sciences and Quantitative Methods.,5,Master's Degree,false,4,reported,8,reported,,privacy_suppressed,,privacy_suppressed,,privacy_suppressed,,privacy_suppressed,,privacy_suppressed
215770,003367,Saint Joseph's University - Philadelphia,"Private, nonprofit",52.13,Management Sciences and Quantitative Methods.,5,Master's Degree,false,126,reported,93,reported,102748,reported,122660,reported,126755,reported,163,reported,34166,reported
215798,003368,Saint Vincent College,"Private, nonprofit",52.13,Management Sciences and Quantitative Methods.,5,Master's Degree,false,15,reported,6,reported,,not_available,,privacy_suppressed,,not_available,,not_available,,privacy_suppressed
215929,003384,University of Scranton,"Private, nonprofit",52.13,Management Sciences and Quantitative Methods.,5,Master's Degree,false,24,reported,35,reported,,privacy_suppressed,,privacy_suppressed,,privacy_suppressed,,privacy_suppressed,,privacy_suppressed
216339,003371,Temple University,Public,27.05,Statistics.,5,Master's Degree,false,4,reported,11,reported,,privacy_suppressed,,privacy_suppressed,,privacy_suppressed,,privacy_suppressed,,privacy_suppressed
216339,003371,Temple University,Public,45.06,Economics.,5,Master's Degree,true,1,reported,2,reported,,privacy_suppressed,,privacy_suppressed,,privacy_suppressed,,privacy_suppressed,,privacy_suppressed
216339,003371,Temple University,Public,52.13,Management Sciences and Quantitative Methods.,5,Master's Degree,false,65,reported,114,reported,83298,reported,105003,reported,,privacy_suppressed,44,reported,39000,reported
216597,003388,Villanova University,"Private, nonprofit",27.05,Statistics.,5,Master's Degree,false,,not_available,,not_available,,privacy_suppressed,135775,reported,,privacy_suppressed,,privacy_suppressed,,privacy_suppressed
216597,003388,Villanova University,"Private, nonprofit",27.06,Applied Statistics.,5,Master's Degree,false,30,reported,18,reported,,privacy_suppressed,,privacy_suppressed,,privacy_suppressed,,privacy_suppressed,,privacy_suppressed
216597,003388,Villanova University,"Private, nonprofit",52.13,Management Sciences and Quantitative Methods.,5,Master's Degree,false,57,reported,62,reported,115618,reported,,privacy_suppressed,,privacy_suppressed,65,reported,39491,reported
216764,003328,West Chester University of Pennsylvania,Public,27.05,Statistics.,5,Master's Degree,false,28,reported,27,reported,,privacy_suppressed,,privacy_suppressed,,privacy_suppressed,,privacy_suppressed,,privacy_suppressed
216852,003313,Widener University,"Private, nonprofit",30.71,Data Analytics.,5,Master's Degree,false,,not_available,4,reported,,not_available,,privacy_suppressed,,not_available,,not_available,,not_available
216852,003313,Widener University,"Private, nonprofit",52.13,Management Sciences and Quantitative Methods.,5,Master's Degree,false,3,reported,3,reported,,privacy_suppressed,,privacy_suppressed,,privacy_suppressed,,privacy_suppressed,,privacy_suppressed
217059,003399,York College of Pennsylvania,"Private, nonprofit",30.71,Data Analytics.,5,Master's Degree,false,,not_available,0,reported,,not_available,,privacy_suppressed,,not_available,,not_available,,not_available
217156,003401,Brown University,"Private, nonprofit",30.70,Data Science.,5,Master's Degree,false,0,reported,0,reported,,privacy_suppressed,,privacy_suppressed,,privacy_suppressed,,privacy_suppressed,,privacy_suppressed
217156,003401,Brown University,"Private, nonprofit",45.06,Economics.,5,Master's Degree,true,7,reported,17,reported,,privacy_suppressed,,privacy_suppressed,,privacy_suppressed,,privacy_suppressed,,privacy_suppressed
217165,003402,Bryant University,"Private, nonprofit",30.71,Data Analytics.,5,Master's Degree,false,,not_available,0,reported,,not_available,,privacy_suppressed,,not_available,,not_available,,not_available
217165,003402,Bryant University,"Private, nonprofit",52.13,Management Sciences and Quantitative Methods.,5,Master's Degree,false,35,reported,54,reported,92354,reported,114251,reported,,privacy_suppressed,25,reported,,privacy_suppressed
217235,003404,Johnson & Wales University-Providence,"Private, nonprofit",52.13,Management Sciences and Quantitative Methods.,5,Master's Degree,false,12,reported,3,reported,,privacy_suppressed,,privacy_suppressed,,privacy_suppressed,,privacy_suppressed,,privacy_suppressed
217402,003406,Providence College,"Private, nonprofit",52.13,Management Sciences and Quantitative Methods.,5,Master's Degree,false,10,reported,23,reported,,not_available,,privacy_suppressed,,not_available,,not_available,,not_available
217484,003414,University of Rhode Island,Public,27.05,Statistics.,5,Master's Degree,false,8,reported,3,reported,,privacy_suppressed,,privacy_suppressed,,privacy_suppressed,,privacy_suppressed,,privacy_suppressed
217484,003414,University of Rhode Island,Public,30.70,Data Science.,5,Master's Degree,false,,not_available,0,reported,,not_available,,privacy_suppressed,,not_available,,not_available,,not_available
217484,003414,University of Rhode Island,Public,45.06,Economics.,5,Master's Degree,true,12,reported,5,reported,,privacy_suppressed,,privacy_suppressed,,privacy_suppressed,,privacy_suppressed,,privacy_suppressed
217484,003414,University of Rhode Island,Public,52.13,Management Sciences and Quantitative Methods.,5,Master's Degree,false,15,reported,13,reported,,not_available,,privacy_suppressed,,not_available,,not_available,,not_available
217536,003411,Salve Regina University,"Private, nonprofit",52.13,Management Sciences and Quantitative Methods.,5,Master's Degree,false,4,reported,3,reported,,privacy_suppressed,,privacy_suppressed,,privacy_suppressed,,privacy_suppressed,,privacy_suppressed
217688,003419,Charleston Southern University,"Private, nonprofit",30.71,Data Analytics.,5,Master's Degree,false,,not_available,0,reported,,not_available,,privacy_suppressed,,not_available,,not_available,,not_available
217819,003428,College of Charleston,Public,30.70,Data Science.,5,Master's Degree,false,1,reported,5,reported,,not_available,,privacy_suppressed,,not_available,,not_available,,not_available
217882,003425,Clemson University,Public,45.06,Economics.,5,Master's Degree,true,22,reported,14,reported,,privacy_suppressed,,privacy_suppressed,,privacy_suppressed,,privacy_suppressed,,privacy_suppressed
218663,003448,University of South Carolina-Columbia,Public,27.05,Statistics.,5,Master's Degree,false,5,reported,4,reported,,privacy_suppressed,,privacy_suppressed,,privacy_suppressed,,privacy_suppressed,,privacy_suppressed
218663,003448,University of South Carolina-Columbia,Public,27.06,Applied Statistics.,5,Master's Degree,false,5,reported,6,reported,,privacy_suppressed,,privacy_suppressed,,privacy_suppressed,,privacy_suppressed,,not_available
218663,003448,University of South Carolina-Columbia,Public,45.06,Economics.,5,Master's Degree,true,3,reported,5,reported,,privacy_suppressed,,privacy_suppressed,,privacy_suppressed,,privacy_suppressed,,privacy_suppressed
218663,003448,University of South Carolina-Columbia,Public,52.13,Management Sciences and Quantitative Methods.,5,Master's Degree,false,18,reported,27,reported,108820,reported,121711,reported,,privacy_suppressed,53,reported,41000,reported
218742,006951,University of South Carolina-Upstate,Public,52.13,Management Sciences and Quantitative Methods.,5,Master's Degree,false,11,reported,5,reported,,privacy_suppressed,,privacy_suppressed,,privacy_suppressed,,privacy_suppressed,,privacy_suppressed
219000,003458,Augustana University,"Private, nonprofit",52.13,Management Sciences and Quantitative Methods.,5,Master's Degree,false,6,reported,10,reported,,not_available,,privacy_suppressed,,not_available,,not_available,,not_available
219356,003471,South Dakota State University,Public,27.05,Statistics.,5,Master's Degree,false,23,reported,22,reported,,privacy_suppressed,,privacy_suppressed,,privacy_suppressed,,privacy_suppressed,,privacy_suppressed
219356,003471,South Dakota State University,Public,45.06,Economics.,5,Master's Degree,true,11,reported,9,reported,,privacy_suppressed,,privacy_suppressed,,privacy_suppressed,,privacy_suppressed,,privacy_suppressed
219471,003474,University of South Dakota,Public,52.13,Management Sciences and Quantitative Methods.,5,Master's Degree,false,6,reported,8,reported,,privacy_suppressed,,privacy_suppressed,,privacy_suppressed,,privacy_suppressed,,privacy_suppressed
219833,003482,Christian Brothers University,"Private, nonprofit",30.70,Data Science.,5,Master's Degree,false,0,reported,2,reported,,privacy_suppressed,,privacy_suppressed,,privacy_suppressed,,privacy_suppressed,,not_available
219833,003482,Christian Brothers University,"Private, nonprofit",30.71,Data Analytics.,5,Master's Degree,false,0,reported,,not_available,,privacy_suppressed,,privacy_suppressed,,privacy_suppressed,,privacy_suppressed,,not_available
220215,003492,Freed-Hardeman University,"Private, nonprofit",52.13,Management Sciences and Quantitative Methods.,5,Master's Degree,false,0,reported,1,reported,,not_available,,privacy_suppressed,,not_available,,not_available,,not_available
220552,004938,South College,"Private, for-profit",52.13,Management Sciences and Quantitative Methods.,5,Master's Degree,false,,not_available,1,reported,,not_available,,privacy_suppressed,,not_available,,not_available,,not_available
220631,003502,Lincoln Memorial University,"Private, nonprofit",52.13,Management Sciences and Quantitative Methods.,5,Master's Degree,false,2,reported,4,reported,,privacy_suppressed,,privacy_suppressed,,privacy_suppressed,,privacy_suppressed,,privacy_suppressed
220792,003506,Meharry Medical College,"Private, nonprofit",30.70,Data Science.,5,Master's Degree,false,,not_available,3,reported,,not_available,,privacy_suppressed,,not_available,,not_available,,not_available
220862,003509,University of Memphis,Public,30.70,Data Science.,5,Master's Degree,false,,not_available,44,reported,,not_available,,privacy_suppressed,,not_available,,not_available,,not_available
220862,003509,University of Memphis,Public,45.06,Economics.,5,Master's Degree,true,8,reported,3,reported,,privacy_suppressed,,privacy_suppressed,,privacy_suppressed,,privacy_suppressed,,privacy_suppressed
220978,003510,Middle Tennessee State University,Public,45.06,Economics.,5,Master's Degree,true,7,reported,9,reported,,privacy_suppressed,,privacy_suppressed,,privacy_suppressed,,privacy_suppressed,,privacy_suppressed
221661,003518,Southern Adventist University,"Private, nonprofit",30.71,Data Analytics.,5,Master's Degree,false,0,reported,0,reported,,not_available,,privacy_suppressed,,not_available,,not_available,,not_available
221661,003518,Southern Adventist University,"Private, nonprofit",45.06,Economics.,5,Master's Degree,true,0,reported,0,reported,,not_available,,privacy_suppressed,,not_available,,not_available,,not_available
221661,003518,Southern Adventist University,"Private, nonprofit",52.13,Management Sciences and Quantitative Methods.,5,Master's Degree,false,1,reported,0,reported,,not_available,,privacy_suppressed,,not_available,,not_available,,not_available
221740,003529,The University of Tennessee-Chattanooga,Public,52.13,Management Sciences and Quantitative Methods.,5,Master's Degree,false,8,reported,17,reported,,not_available,,privacy_suppressed,,not_available,,not_available,,not_available
221759,003530,The University of Tennessee-Knoxville,Public,27.05,Statistics.,5,Master's Degree,false,6,reported,10,reported,,privacy_suppressed,,privacy_suppressed,,privacy_suppressed,,privacy_suppressed,,privacy_suppressed
221759,003530,The University of Tennessee-Knoxville,Public,45.06,Economics.,5,Master's Degree,true,5,reported,3,reported,,privacy_suppressed,,privacy_suppressed,,privacy_suppressed,,privacy_suppressed,,privacy_suppressed
221759,003530,The University of Tennessee-Knoxville,Public,52.13,Management Sciences and Quantitative Methods.,5,Master's Degree,false,126,reported,386,reported,98640,reported,123330,reported,133752,reported,35,reported,31504,reported
221838,003522,Tennessee State University,Public,30.70,Data Science.,5,Master's Degree,false,,not_available,0,reported,,not_available,,privacy_suppressed,,not_available,,not_available,,not_available
221999,003535,Vanderbilt University,"Private, nonprofit",45.06,Economics.,5,Master's Degree,true,7,reported,42,reported,,privacy_suppressed,,privacy_suppressed,,privacy_suppressed,,privacy_suppressed,,privacy_suppressed
221999,003535,Vanderbilt University,"Private, nonprofit",52.13,Management Sciences and Quantitative Methods.,5,Master's Degree,false,106,reported,126,reported,135520,reported,,privacy_suppressed,,privacy_suppressed,18,reported,,privacy_suppressed
222628,022594,Amberton University,"Private, nonprofit",30.71,Data Analytics.,5,Master's Degree,false,1,reported,3,reported,,privacy_suppressed,,privacy_suppressed,,privacy_suppressed,,privacy_suppressed,,not_available
222628,022594,Amberton University,"Private, nonprofit",52.13,Management Sciences and Quantitative Methods.,5,Master's Degree,false,6,reported,2,reported,,privacy_suppressed,,privacy_suppressed,,privacy_suppressed,,privacy_suppressed,,not_available
222831,003541,Angelo State University,Public,30.71,Data Analytics.,5,Master's Degree,false,,not_available,1,reported,,not_available,,privacy_suppressed,,not_available,,not_available,,not_available
223232,003545,Baylor University,"Private, nonprofit",27.05,Statistics.,5,Master's Degree,false,0,reported,,not_available,,privacy_suppressed,,privacy_suppressed,,privacy_suppressed,,privacy_suppressed,,privacy_suppressed
223232,003545,Baylor University,"Private, nonprofit",27.06,Applied Statistics.,5,Master's Degree,false,7,reported,7,reported,,privacy_suppressed,,privacy_suppressed,,privacy_suppressed,,privacy_suppressed,,privacy_suppressed
223232,003545,Baylor University,"Private, nonprofit",30.71,Data Analytics.,5,Master's Degree,false,,not_available,0,reported,,not_available,,privacy_suppressed,,not_available,,not_available,,not_available
224226,003560,Dallas Baptist University,"Private, nonprofit",52.13,Management Sciences and Quantitative Methods.,5,Master's Degree,false,6,reported,12,reported,,privacy_suppressed,,privacy_suppressed,,privacy_suppressed,,privacy_suppressed,,privacy_suppressed
224323,003651,University of Dallas,"Private, nonprofit",52.13,Management Sciences and Quantitative Methods.,5,Master's Degree,false,30,reported,19,reported,83450,reported,,privacy_suppressed,,privacy_suppressed,17,reported,,privacy_suppressed
224554,003565,East Texas A&M University,Public,30.71,Data Analytics.,5,Master's Degree,false,,not_available,173,reported,,not_available,,privacy_suppressed,,not_available,,not_available,,not_available
224554,003565,East Texas A&M University,Public,52.13,Management Sciences and Quantitative Methods.,5,Master's Degree,false,115,reported,0,reported,84836,reported,120549,reported,,privacy_suppressed,38,reported,27745,reported
225247,003571,Hardin-Simmons University,"Private, nonprofit",52.13,Management Sciences and Quantitative Methods.,5,Master's Degree,false,7,reported,5,reported,,privacy_suppressed,,privacy_suppressed,,privacy_suppressed,,privacy_suppressed,,privacy_suppressed
225399,003576,Houston Christian University,"Private, nonprofit",52.13,Management Sciences and Quantitative Methods.,5,Master's Degree,false,0,reported,8,reported,,privacy_suppressed,,privacy_suppressed,,privacy_suppressed,,privacy_suppressed,,privacy_suppressed
225414,011711,University of Houston-Clear Lake,Public,27.05,Statistics.,5,Master's Degree,false,3,reported,4,reported,,privacy_suppressed,,privacy_suppressed,,privacy_suppressed,,privacy_suppressed,,privacy_suppressed
225432,003612,University of Houston-Downtown,Public,27.05,Statistics.,5,Master's Degree,false,,not_available,,not_available,79809,reported,117242,reported,,privacy_suppressed,28,reported,30548,reported
225432,003612,University of Houston-Downtown,Public,30.71,Data Analytics.,5,Master's Degree,false,62,reported,55,reported,,privacy_suppressed,,privacy_suppressed,,privacy_suppressed,,privacy_suppressed,,privacy_suppressed
225502,013231,Texas A&M University-Victoria,Public,30.70,Data Science.,5,Master's Degree,false,0,reported,0,reported,,not_available,,privacy_suppressed,,not_available,,not_available,,not_available
225511,003652,University of Houston,Public,27.05,Statistics.,5,Master's Degree,false,36,reported,34,reported,,privacy_suppressed,,privacy_suppressed,,privacy_suppressed,,privacy_suppressed,,privacy_suppressed
225511,003652,University of Houston,Public,30.71,Data Analytics.,5,Master's Degree,false,,not_available,132,reported,,not_available,,privacy_suppressed,,not_available,,not_available,,not_available
225511,003652,University of Houston,Public,45.06,Economics.,5,Master's Degree,true,54,reported,42,reported,,privacy_suppressed,106324,reported,,privacy_suppressed,,privacy_suppressed,,privacy_suppressed
225511,003652,University of Houston,Public,52.13,Management Sciences and Quantitative Methods.,5,Master's Degree,false,61,reported,43,reported,,privacy_suppressed,,privacy_suppressed,,privacy_suppressed,,privacy_suppressed,,privacy_suppressed
225627,003578,University of the Incarnate Word,"Private, nonprofit",27.05,Statistics.,5,Master's Degree,false,0,reported,0,reported,,privacy_suppressed,,privacy_suppressed,,privacy_suppressed,,privacy_suppressed,,privacy_suppressed
226091,003581,Lamar University,Public,30.71,Data Analytics.,5,Master's Degree,false,,not_available,22,reported,,not_available,,privacy_suppressed,,not_available,,not_available,,not_available
226471,003588,University of Mary Hardin-Baylor,"Private, nonprofit",30.71,Data Analytics.,5,Master's Degree,false,,not_available,3,reported,,not_available,,privacy_suppressed,,not_available,,not_available,,not_available
226833,003592,Midwestern State University,Public,30.71,Data Analytics.,5,Master's Degree,false,,not_available,24,reported,,not_available,,privacy_suppressed,,not_available,,not_available,,not_available
227216,003594,University of North Texas,Public,27.05,Statistics.,5,Master's Degree,false,81,reported,121,reported,106771,reported,,privacy_suppressed,,privacy_suppressed,23,reported,,privacy_suppressed
227216,003594,University of North Texas,Public,30.70,Data Science.,5,Master's Degree,false,0,reported,,not_available,,privacy_suppressed,,privacy_suppressed,,privacy_suppressed,,privacy_suppressed,,privacy_suppressed
227216,003594,University of North Texas,Public,30.71,Data Analytics.,5,Master's Degree,false,,not_available,318,reported,,not_available,,privacy_suppressed,,not_available,,not_available,,not_available
227216,003594,University of North Texas,Public,45.06,Economics.,5,Master's Degree,true,8,reported,8,reported,,privacy_suppressed,,privacy_suppressed,,privacy_suppressed,,privacy_suppressed,,privacy_suppressed
227216,003594,University of North Texas,Public,52.13,Management Sciences and Quantitative Methods.,5,Master's Degree,false,288,reported,299,reported,82568,reported,,privacy_suppressed,,privacy_suppressed,17,reported,,privacy_suppressed
227331,003598,Our Lady of the Lake University,"Private, nonprofit",52.13,Management Sciences and Quantitative Methods.,5,Master's Degree,false,1,reported,1,reported,,not_available,,privacy_suppressed,,not_available,,not_available,,not_available
227368,003599,The University of Texas Rio Grande Valley,Public,27.05,Statistics.,5,Master's Degree,false,7,reported,13,reported,,not_available,,privacy_suppressed,,not_available,,not_available,,not_available
227368,003599,The University of Texas Rio Grande Valley,Public,30.71,Data Analytics.,5,Master's Degree,false,63,reported,69,reported,,privacy_suppressed,,privacy_suppressed,,privacy_suppressed,,privacy_suppressed,,not_available
227757,003604,Rice University,"Private, nonprofit",27.05,Statistics.,5,Master's Degree,false,26,reported,34,reported,,privacy_suppressed,,privacy_suppressed,,privacy_suppressed,,privacy_suppressed,,privacy_suppressed
227757,003604,Rice University,"Private, nonprofit",27.06,Applied Statistics.,5,Master's Degree,false,0,reported,,not_available,,privacy_suppressed,,privacy_suppressed,,privacy_suppressed,,privacy_suppressed,,not_available
227757,003604,Rice University,"Private, nonprofit",30.70,Data Science.,5,Master's Degree,false,22,reported,42,reported,,not_available,,privacy_suppressed,,not_available,,not_available,,not_available
227757,003604,Rice University,"Private, nonprofit",45.06,Economics.,5,Master's Degree,true,27,reported,24,reported,,privacy_suppressed,,privacy_suppressed,,privacy_suppressed,,privacy_suppressed,,privacy_suppressed
227757,003604,Rice University,"Private, nonprofit",52.13,Management Sciences and Quantitative Methods.,5,Master's Degree,false,604,reported,631,reported,,privacy_suppressed,,privacy_suppressed,,privacy_suppressed,,privacy_suppressed,,privacy_suppressed
227881,003606,Sam Houston State University,Public,27.05,Statistics.,5,Master's Degree,false,6,reported,8,reported,,privacy_suppressed,,privacy_suppressed,,privacy_suppressed,,privacy_suppressed,,privacy_suppressed
227881,003606,Sam Houston State University,Public,45.06,Economics.,5,Master's Degree,true,0,reported,0,reported,,not_available,,privacy_suppressed,,not_available,,not_available,,not_available
228246,003613,Southern Methodist University,"Private, nonprofit",27.05,Statistics.,5,Master's Degree,false,20,reported,9,reported,,privacy_suppressed,,privacy_suppressed,,privacy_suppressed,,privacy_suppressed,,privacy_suppressed
228246,003613,Southern Methodist University,"Private, nonprofit",30.70,Data Science.,5,Master's Degree,false,,not_available,91,reported,,not_available,,privacy_suppressed,,not_available,,not_available,,not_available
228246,003613,Southern Methodist University,"Private, nonprofit",45.06,Economics.,5,Master's Degree,true,15,reported,28,reported,,privacy_suppressed,,privacy_suppressed,,privacy_suppressed,,privacy_suppressed,,privacy_suppressed
228246,003613,Southern Methodist University,"Private, nonprofit",52.13,Management Sciences and Quantitative Methods.,5,Master's Degree,false,501,reported,690,reported,87906,reported,140799,reported,,privacy_suppressed,32,reported,50500,reported
228431,003624,Stephen F Austin State University,Public,27.05,Statistics.,5,Master's Degree,false,5,reported,4,reported,,privacy_suppressed,,privacy_suppressed,,privacy_suppressed,,privacy_suppressed,,privacy_suppressed
228459,003615,Texas State University,Public,52.13,Management Sciences and Quantitative Methods.,5,Master's Degree,false,29,reported,48,reported,,privacy_suppressed,,privacy_suppressed,,privacy_suppressed,,privacy_suppressed,,not_available
228705,003639,Texas A&M University-Kingsville,Public,27.05,Statistics.,5,Master's Degree,false,1,reported,1,reported,,privacy_suppressed,,privacy_suppressed,,privacy_suppressed,,privacy_suppressed,,privacy_suppressed
228723,003632,Texas A&M University-College Station,Public,27.05,Statistics.,5,Master's Degree,false,87,reported,89,reported,104344,reported,130436,reported,101704,reported,48,reported,27155,reported
228723,003632,Texas A&M University-College Station,Public,30.70,Data Science.,5,Master's Degree,false,,not_available,13,reported,,not_available,,privacy_suppressed,,not_available,,not_available,,not_available
228723,003632,Texas A&M University-College Station,Public,45.06,Economics.,5,Master's Degree,true,95,reported,97,reported,78849,reported,121910,reported,,privacy_suppressed,21,reported,,privacy_suppressed
228723,003632,Texas A&M University-College Station,Public,52.13,Management Sciences and Quantitative Methods.,5,Master's Degree,false,52,reported,30,reported,124605,reported,183813,reported,,privacy_suppressed,45,reported,41000,reported
228769,003656,The University of Texas at Arlington,Public,30.71,Data Analytics.,5,Master's Degree,false,0,reported,,not_available,,privacy_suppressed,,privacy_suppressed,,privacy_suppressed,,privacy_suppressed,,privacy_suppressed
228769,003656,The University of Texas at Arlington,Public,45.06,Economics.,5,Master's Degree,true,14,reported,20,reported,,privacy_suppressed,,privacy_suppressed,,privacy_suppressed,,privacy_suppressed,,privacy_suppressed
228769,003656,The University of Texas at Arlington,Public,52.13,Management Sciences and Quantitative Methods.,5,Master's Degree,false,23,reported,141,reported,,privacy_suppressed,,privacy_suppressed,,privacy_suppressed,,privacy_suppressed,,privacy_suppressed
228778,003658,The University of Texas at Austin,Public,27.05,Statistics.,5,Master's Degree,false,10,reported,11,reported,,privacy_suppressed,,privacy_suppressed,,privacy_suppressed,,privacy_suppressed,,privacy_suppressed
228778,003658,The University of Texas at Austin,Public,30.70,Data Science.,5,Master's Degree,false,6,reported,84,reported,,privacy_suppressed,,privacy_suppressed,,privacy_suppressed,,privacy_suppressed,,not_available
228778,003658,The University of Texas at Austin,Public,45.06,Economics.,5,Master's Degree,true,56,reported,73,reported,78870,reported,126566,reported,98715,reported,28,reported,43085,reported
228778,003658,The University of Texas at Austin,Public,52.13,Management Sciences and Quantitative Methods.,5,Master's Degree,false,243,reported,193,reported,96749,reported,128909,reported,152332,reported,140,reported,53416,reported
228787,009741,The University of Texas at Dallas,Public,27.05,Statistics.,5,Master's Degree,false,15,reported,14,reported,,privacy_suppressed,,privacy_suppressed,,privacy_suppressed,,privacy_suppressed,,privacy_suppressed
228787,009741,The University of Texas at Dallas,Public,30.71,Data Analytics.,5,Master's Degree,false,,not_available,595,reported,,not_available,,privacy_suppressed,,not_available,,not_available,,not_available
228787,009741,The University of Texas at Dallas,Public,45.06,Economics.,5,Master's Degree,true,10,reported,11,reported,,privacy_suppressed,,privacy_suppressed,,privacy_suppressed,,privacy_suppressed,,privacy_suppressed
228787,009741,The University of Texas at Dallas,Public,52.13,Management Sciences and Quantitative Methods.,5,Master's Degree,false,407,reported,383,reported,88049,reported,124603,reported,117354,reported,113,reported,33305,reported
228796,003661,The University of Texas at El Paso,Public,27.05,Statistics.,5,Master's Degree,false,9,reported,13,reported,,privacy_suppressed,,privacy_suppressed,,privacy_suppressed,,privacy_suppressed,,privacy_suppressed
228875,003636,Texas Christian University,"Private, nonprofit",30.71,Data Analytics.,5,Master's Degree,false,,not_available,38,reported,,not_available,,privacy_suppressed,,not_available,,not_available,,not_available
228875,003636,Texas Christian University,"Private, nonprofit",52.13,Management Sciences and Quantitative Methods.,5,Master's Degree,false,38,reported,36,reported,,privacy_suppressed,,privacy_suppressed,,privacy_suppressed,,privacy_suppressed,,not_available
228981,003641,Texas Lutheran University,"Private, nonprofit",52.13,Management Sciences and Quantitative Methods.,5,Master's Degree,false,14,reported,16,reported,,privacy_suppressed,,privacy_suppressed,,privacy_suppressed,,privacy_suppressed,,privacy_suppressed
229018,009930,The University of Texas Permian Basin,Public,52.13,Management Sciences and Quantitative Methods.,5,Master's Degree,false,0,reported,0,reported,,not_available,,privacy_suppressed,,not_available,,not_available,,not_available
229027,010115,The University of Texas at San Antonio,Public,27.05,Statistics.,5,Master's Degree,false,12,reported,20,reported,72594,reported,,privacy_suppressed,,privacy_suppressed,19,reported,,privacy_suppressed
229027,010115,The University of Texas at San Antonio,Public,30.71,Data Analytics.,5,Master's Degree,false,104,reported,71,reported,,privacy_suppressed,,privacy_suppressed,,privacy_suppressed,,privacy_suppressed,,privacy_suppressed
229027,010115,The University of Texas at San Antonio,Public,45.06,Economics.,5,Master's Degree,true,10,reported,17,reported,,privacy_suppressed,,privacy_suppressed,,privacy_suppressed,,privacy_suppressed,,privacy_suppressed
229027,010115,The University of Texas at San Antonio,Public,52.13,Management Sciences and Quantitative Methods.,5,Master's Degree,false,1,reported,0,reported,99283,reported,128404,reported,,privacy_suppressed,68,reported,18485,reported
229115,003644,Texas Tech University,Public,27.05,Statistics.,5,Master's Degree,false,7,reported,5,reported,,privacy_suppressed,,privacy_suppressed,,privacy_suppressed,,privacy_suppressed,,privacy_suppressed
229115,003644,Texas Tech University,Public,30.70,Data Science.,5,Master's Degree,false,69,reported,81,reported,,privacy_suppressed,,privacy_suppressed,,privacy_suppressed,,privacy_suppressed,,not_available
229115,003644,Texas Tech University,Public,45.06,Economics.,5,Master's Degree,true,3,reported,2,reported,,privacy_suppressed,,privacy_suppressed,,privacy_suppressed,,privacy_suppressed,,privacy_suppressed
229160,003645,Texas Wesleyan University,"Private, nonprofit",30.71,Data Analytics.,5,Master's Degree,false,,not_available,16,reported,,not_available,,privacy_suppressed,,not_available,,not_available,,not_available
230038,003670,Brigham Young University,"Private, nonprofit",27.05,Statistics.,5,Master's Degree,false,12,reported,17,reported,,privacy_suppressed,,privacy_suppressed,,privacy_suppressed,,privacy_suppressed,,privacy_suppressed
230038,003670,Brigham Young University,"Private, nonprofit",52.13,Management Sciences and Quantitative Methods.,5,Master's Degree,false,28,reported,23,reported,,privacy_suppressed,,privacy_suppressed,,privacy_suppressed,,privacy_suppressed,,not_available
230603,003678,Southern Utah University,Public,30.71,Data Analytics.,5,Master's Degree,false,0,reported,,not_available,,privacy_suppressed,,privacy_suppressed,,privacy_suppressed,,privacy_suppressed,,not_available
230603,003678,Southern Utah University,Public,52.13,Management Sciences and Quantitative Methods.,5,Master's Degree,false,7,reported,8,reported,,privacy_suppressed,,privacy_suppressed,,privacy_suppressed,,privacy_suppressed,,not_available
230728,003677,Utah State University,Public,27.05,Statistics.,5,Master's Degree,false,3,reported,9,reported,,privacy_suppressed,,privacy_suppressed,,privacy_suppressed,,privacy_suppressed,,privacy_suppressed
230728,003677,Utah State University,Public,45.06,Economics.,5,Master's Degree,true,26,reported,24,reported,,privacy_suppressed,,privacy_suppressed,,privacy_suppressed,,privacy_suppressed,,privacy_suppressed
230728,003677,Utah State University,Public,52.13,Management Sciences and Quantitative Methods.,5,Master's Degree,false,12,reported,14,reported,,privacy_suppressed,,privacy_suppressed,,privacy_suppressed,,privacy_suppressed,,privacy_suppressed
230764,003675,University of Utah,Public,27.05,Statistics.,5,Master's Degree,false,0,reported,0,reported,,privacy_suppressed,,privacy_suppressed,,privacy_suppressed,,privacy_suppressed,,privacy_suppressed
230764,003675,University of Utah,Public,45.06,Economics.,5,Master's Degree,true,10,reported,15,reported,,privacy_suppressed,,privacy_suppressed,,privacy_suppressed,,privacy_suppressed,,privacy_suppressed
230764,003675,University of Utah,Public,52.13,Management Sciences and Quantitative Methods.,5,Master's Degree,false,206,reported,85,reported,90201,reported,115739,reported,,privacy_suppressed,118,reported,30750,reported
230782,003680,Weber State University,Public,52.13,Management Sciences and Quantitative Methods.,5,Master's Degree,false,,not_available,0,reported,,not_available,,privacy_suppressed,,not_available,,not_available,,not_available
230852,003684,Champlain College,"Private, nonprofit",30.71,Data Analytics.,5,Master's Degree,false,0,reported,0,reported,,not_available,,privacy_suppressed,,not_available,,not_available,,not_available
230995,003692,Norwich University,"Private, nonprofit",52.13,Management Sciences and Quantitative Methods.,5,Master's Degree,false,0,reported,1,reported,,privacy_suppressed,,privacy_suppressed,,privacy_suppressed,,privacy_suppressed,,privacy_suppressed
231174,003696,University of Vermont,Public,27.05,Statistics.,5,Master's Degree,false,7,reported,1,reported,,privacy_suppressed,,privacy_suppressed,,privacy_suppressed,,privacy_suppressed,,privacy_suppressed
231174,003696,University of Vermont,Public,45.06,Economics.,5,Master's Degree,true,4,reported,2,reported,,privacy_suppressed,,privacy_suppressed,,privacy_suppressed,,privacy_suppressed,,privacy_suppressed
231420,003702,Averett University,"Private, nonprofit",30.71,Data Analytics.,5,Master's Degree,false,7,reported,2,reported,,privacy_suppressed,,privacy_suppressed,,privacy_suppressed,,privacy_suppressed,,privacy_suppressed
231624,003705,William & Mary,Public,52.13,Management Sciences and Quantitative Methods.,5,Master's Degree,false,142,reported,116,reported,85770,reported,133994,reported,,privacy_suppressed,61,reported,42500,reported
231651,030913,Regent University,"Private, nonprofit",30.71,Data Analytics.,5,Master's Degree,false,11,reported,6,reported,,privacy_suppressed,,privacy_suppressed,,privacy_suppressed,,privacy_suppressed,,privacy_suppressed
231651,030913,Regent University,"Private, nonprofit",45.06,Economics.,5,Master's Degree,true,1,reported,0,reported,,not_available,,privacy_suppressed,,not_available,,not_available,,not_available
232186,003749,George Mason University,Public,27.05,Statistics.,5,Master's Degree,false,9,reported,7,reported,,privacy_suppressed,,privacy_suppressed,,privacy_suppressed,,privacy_suppressed,,privacy_suppressed
232186,003749,George Mason University,Public,30.71,Data Analytics.,5,Master's Degree,false,20,reported,,not_available,,not_available,,privacy_suppressed,,not_available,,not_available,,not_available
232186,003749,George Mason University,Public,45.06,Economics.,5,Master's Degree,true,51,reported,63,reported,82853,reported,111251,reported,104824,reported,22,reported,,privacy_suppressed
232982,003728,Old Dominion University,Public,30.70,Data Science.,5,Master's Degree,false,4,reported,4,reported,,not_available,,privacy_suppressed,,not_available,,not_available,,not_available
232982,003728,Old Dominion University,Public,45.06,Economics.,5,Master's Degree,true,3,reported,8,reported,,privacy_suppressed,,privacy_suppressed,,privacy_suppressed,,privacy_suppressed,,privacy_suppressed
233921,003754,Virginia Polytechnic Institute and State University,Public,27.05,Statistics.,5,Master's Degree,false,7,reported,7,reported,,privacy_suppressed,,privacy_suppressed,,privacy_suppressed,,privacy_suppressed,,privacy_suppressed
233921,003754,Virginia Polytechnic Institute and State University,Public,27.06,Applied Statistics.,5,Master's Degree,false,13,reported,16,reported,,not_available,,privacy_suppressed,,not_available,,not_available,,not_available
233921,003754,Virginia Polytechnic Institute and State University,Public,45.06,Economics.,5,Master's Degree,true,5,reported,7,reported,,privacy_suppressed,,privacy_suppressed,,privacy_suppressed,,privacy_suppressed,,privacy_suppressed
234030,003735,Virginia Commonwealth University,Public,30.71,Data Analytics.,5,Master's Degree,false,0,reported,45,reported,,not_available,,privacy_suppressed,,not_available,,not_available,,not_available
234030,003735,Virginia Commonwealth University,Public,45.06,Economics.,5,Master's Degree,true,12,reported,9,reported,,privacy_suppressed,,privacy_suppressed,,privacy_suppressed,,privacy_suppressed,,privacy_suppressed
234030,003735,Virginia Commonwealth University,Public,52.13,Management Sciences and Quantitative Methods.,5,Master's Degree,false,62,reported,0,reported,101531,reported,136353,reported,,privacy_suppressed,48,reported,41000,reported
234076,003745,University of Virginia-Main Campus,Public,27.05,Statistics.,5,Master's Degree,false,33,reported,42,reported,,privacy_suppressed,,privacy_suppressed,,privacy_suppressed,,privacy_suppressed,,privacy_suppressed
234076,003745,University of Virginia-Main Campus,Public,30.70,Data Science.,5,Master's Degree,false,101,reported,157,reported,,not_available,,privacy_suppressed,,not_available,,not_available,,not_available
234076,003745,University of Virginia-Main Campus,Public,45.06,Economics.,5,Master's Degree,true,5,reported,9,reported,,privacy_suppressed,,privacy_suppressed,,privacy_suppressed,,privacy_suppressed,,privacy_suppressed
234076,003745,University of Virginia-Main Campus,Public,52.13,Management Sciences and Quantitative Methods.,5,Master's Degree,false,199,reported,198,reported,99250,reported,,privacy_suppressed,,privacy_suppressed,58,reported,44234,reported
234915,013022,City University of Seattle,"Private, nonprofit",30.70,Data Science.,5,Master's Degree,false,1,reported,7,reported,,not_available,,privacy_suppressed,,not_available,,not_available,,not_available
235097,003775,Eastern Washington University,Public,45.06,Economics.,5,Master's Degree,true,,not_available,,not_available,,privacy_suppressed,,privacy_suppressed,,privacy_suppressed,,privacy_suppressed,,privacy_suppressed
235316,003778,Gonzaga University,"Private, nonprofit",30.71,Data Analytics.,5,Master's Degree,false,,not_available,0,reported,,not_available,,privacy_suppressed,,not_available,,not_available,,not_available
236230,003785,Pacific Lutheran University,"Private, nonprofit",52.13,Management Sciences and Quantitative Methods.,5,Master's Degree,false,3,reported,11,reported,,privacy_suppressed,,privacy_suppressed,,privacy_suppressed,,privacy_suppressed,,privacy_suppressed
236595,003790,Seattle University,"Private, nonprofit",30.70,Data Science.,5,Master's Degree,false,0,reported,0,reported,,privacy_suppressed,,privacy_suppressed,,privacy_suppressed,,privacy_suppressed,,not_available
236595,003790,Seattle University,"Private, nonprofit",45.06,Economics.,5,Master's Degree,true,0,reported,0,reported,,not_available,,privacy_suppressed,,not_available,,not_available,,not_available
236595,003790,Seattle University,"Private, nonprofit",52.13,Management Sciences and Quantitative Methods.,5,Master's Degree,false,61,reported,67,reported,95730,reported,167280,reported,,privacy_suppressed,20,reported,,privacy_suppressed
236939,003800,Washington State University,Public,27.05,Statistics.,5,Master's Degree,false,16,reported,7,reported,,privacy_suppressed,,privacy_suppressed,,privacy_suppressed,,privacy_suppressed,,privacy_suppressed
236939,003800,Washington State University,Public,45.06,Economics.,5,Master's Degree,true,5,reported,11,reported,,privacy_suppressed,,privacy_suppressed,,privacy_suppressed,,privacy_suppressed,,privacy_suppressed
236948,003798,University of Washington-Seattle Campus,Public,27.05,Statistics.,5,Master's Degree,false,26,reported,45,reported,,privacy_suppressed,,privacy_suppressed,,privacy_suppressed,,privacy_suppressed,,privacy_suppressed
236948,003798,University of Washington-Seattle Campus,Public,45.06,Economics.,5,Master's Degree,true,13,reported,18,reported,,privacy_suppressed,,privacy_suppressed,,privacy_suppressed,,privacy_suppressed,,privacy_suppressed
236948,003798,University of Washington-Seattle Campus,Public,52.13,Management Sciences and Quantitative Methods.,5,Master's Degree,false,190,reported,212,reported,95189,reported,,privacy_suppressed,,privacy_suppressed,24,reported,,privacy_suppressed
237525,003815,Marshall University,Public,30.70,Data Science.,5,Master's Degree,false,1,reported,2,reported,,not_available,,privacy_suppressed,,not_available,,not_available,,not_available
238032,003827,West Virginia University,Public,27.05,Statistics.,5,Master's Degree,false,,not_available,,not_available,,privacy_suppressed,,privacy_suppressed,,privacy_suppressed,,privacy_suppressed,,privacy_suppressed
238032,003827,West Virginia University,Public,45.06,Economics.,5,Master's Degree,true,11,reported,12,reported,,not_available,,privacy_suppressed,,not_available,,not_available,,not_available
238032,003827,West Virginia University,Public,52.13,Management Sciences and Quantitative Methods.,5,Master's Degree,false,30,reported,26,reported,116533,reported,,privacy_suppressed,,privacy_suppressed,20,reported,,privacy_suppressed
238616,003842,Concordia University-Wisconsin,"Private, nonprofit",30.71,Data Analytics.,5,Master's Degree,false,,not_available,1,reported,,not_available,,privacy_suppressed,,not_available,,not_available,,not_available
238661,003848,Edgewood University,"Private, nonprofit",52.13,Management Sciences and Quantitative Methods.,5,Master's Degree,false,,not_available,9,reported,,not_available,,privacy_suppressed,,not_available,,not_available,,not_available
239080,003861,Marian University,"Private, nonprofit",52.13,Management Sciences and Quantitative Methods.,5,Master's Degree,false,2,reported,6,reported,,privacy_suppressed,,privacy_suppressed,,privacy_suppressed,,privacy_suppressed,,privacy_suppressed
239105,003863,Marquette University,"Private, nonprofit",27.05,Statistics.,5,Master's Degree,false,0,reported,,not_available,,privacy_suppressed,,privacy_suppressed,,privacy_suppressed,,privacy_suppressed,,privacy_suppressed
239105,003863,Marquette University,"Private, nonprofit",27.06,Applied Statistics.,5,Master's Degree,false,7,reported,9,reported,,privacy_suppressed,,privacy_suppressed,,privacy_suppressed,,privacy_suppressed,,privacy_suppressed
239105,003863,Marquette University,"Private, nonprofit",30.71,Data Analytics.,5,Master's Degree,false,10,reported,4,reported,,privacy_suppressed,,privacy_suppressed,,privacy_suppressed,,privacy_suppressed,,privacy_suppressed
239105,003863,Marquette University,"Private, nonprofit",45.06,Economics.,5,Master's Degree,true,7,reported,10,reported,,privacy_suppressed,106753,reported,,privacy_suppressed,,privacy_suppressed,,privacy_suppressed
239105,003863,Marquette University,"Private, nonprofit",52.13,Management Sciences and Quantitative Methods.,5,Master's Degree,false,5,reported,6,reported,,privacy_suppressed,,privacy_suppressed,,privacy_suppressed,,privacy_suppressed,,privacy_suppressed
239318,003868,Milwaukee School of Engineering,"Private, nonprofit",52.13,Management Sciences and Quantitative Methods.,5,Master's Degree,false,,not_available,40,reported,,not_available,,privacy_suppressed,,not_available,,not_available,,not_available
240189,003926,University of Wisconsin-Whitewater,Public,30.71,Data Analytics.,5,Master's Degree,false,9,reported,15,reported,,not_available,,privacy_suppressed,,not_available,,not_available,,not_available
240189,003926,University of Wisconsin-Whitewater,Public,45.06,Economics.,5,Master's Degree,true,0,reported,0,reported,,privacy_suppressed,,privacy_suppressed,,privacy_suppressed,,privacy_suppressed,,privacy_suppressed
240268,003917,University of Wisconsin-Eau Claire,Public,30.70,Data Science.,5,Master's Degree,false,28,reported,17,reported,,privacy_suppressed,,privacy_suppressed,,privacy_suppressed,,privacy_suppressed,,privacy_suppressed
240277,003899,University of Wisconsin-Green Bay,Public,30.70,Data Science.,5,Master's Degree,false,16,reported,28,reported,,privacy_suppressed,,privacy_suppressed,,privacy_suppressed,,privacy_suppressed,,privacy_suppressed
240329,003919,University of Wisconsin-La Crosse,Public,27.06,Applied Statistics.,5,Master's Degree,false,9,reported,0,reported,,privacy_suppressed,,privacy_suppressed,,privacy_suppressed,,privacy_suppressed,,privacy_suppressed
240329,003919,University of Wisconsin-La Crosse,Public,30.70,Data Science.,5,Master's Degree,false,29,reported,23,reported,,privacy_suppressed,,privacy_suppressed,,privacy_suppressed,,privacy_suppressed,,privacy_suppressed
240365,003920,University of Wisconsin-Oshkosh,Public,30.70,Data Science.,5,Master's Degree,false,11,reported,15,reported,,privacy_suppressed,,privacy_suppressed,,privacy_suppressed,,privacy_suppressed,,privacy_suppressed
240417,003915,University of Wisconsin-Stout,Public,52.13,Management Sciences and Quantitative Methods.,5,Master's Degree,false,17,reported,17,reported,98358,reported,123573,reported,,privacy_suppressed,21,reported,,privacy_suppressed
240426,003925,University of Wisconsin-Superior,Public,30.70,Data Science.,5,Master's Degree,false,4,reported,4,reported,,privacy_suppressed,,privacy_suppressed,,privacy_suppressed,,privacy_suppressed,,privacy_suppressed
240444,003895,University of Wisconsin-Madison,Public,27.05,Statistics.,5,Master's Degree,false,38,reported,83,reported,,privacy_suppressed,,privacy_suppressed,,privacy_suppressed,,privacy_suppressed,,privacy_suppressed
240444,003895,University of Wisconsin-Madison,Public,45.06,Economics.,5,Master's Degree,true,139,reported,148,reported,73951,reported,,privacy_suppressed,,privacy_suppressed,16,reported,,privacy_suppressed
240444,003895,University of Wisconsin-Madison,Public,52.13,Management Sciences and Quantitative Methods.,5,Master's Degree,false,67,reported,164,reported,,privacy_suppressed,156689,reported,,privacy_suppressed,,privacy_suppressed,,privacy_suppressed
240453,003896,University of Wisconsin-Milwaukee,Public,30.70,Data Science.,5,Master's Degree,false,,not_available,0,reported,,not_available,,privacy_suppressed,,not_available,,not_available,,not_available
240453,003896,University of Wisconsin-Milwaukee,Public,30.71,Data Analytics.,5,Master's Degree,false,,not_available,0,reported,,not_available,,privacy_suppressed,,not_available,,not_available,,not_available
240453,003896,University of Wisconsin-Milwaukee,Public,45.06,Economics.,5,Master's Degree,true,10,reported,11,reported,,privacy_suppressed,,privacy_suppressed,,privacy_suppressed,,privacy_suppressed,,privacy_suppressed
240453,003896,University of Wisconsin-Milwaukee,Public,52.13,Management Sciences and Quantitative Methods.,5,Master's Degree,false,165,reported,192,reported,,not_available,,privacy_suppressed,,not_available,,not_available,,not_available
240480,003924,University of Wisconsin-Stevens Point,Public,30.70,Data Science.,5,Master's Degree,false,3,reported,10,reported,,privacy_suppressed,,privacy_suppressed,,privacy_suppressed,,privacy_suppressed,,privacy_suppressed
240727,003932,University of Wyoming,Public,27.05,Statistics.,5,Master's Degree,false,6,reported,2,reported,,privacy_suppressed,,privacy_suppressed,,privacy_suppressed,,privacy_suppressed,,privacy_suppressed
240727,003932,University of Wyoming,Public,45.06,Economics.,5,Master's Degree,true,8,reported,8,reported,,privacy_suppressed,,privacy_suppressed,,privacy_suppressed,,privacy_suppressed,,privacy_suppressed
242653,003940,Inter American University of Puerto Rico-Metro,"Private, nonprofit",52.13,Management Sciences and Quantitative Methods.,5,Master's Degree,false,,not_available,1,reported,,not_available,,privacy_suppressed,,not_available,,not_available,,not_available
243197,003944,University of Puerto Rico-Mayaguez,Public,27.05,Statistics.,5,Master's Degree,false,6,reported,7,reported,,privacy_suppressed,,privacy_suppressed,,privacy_suppressed,,privacy_suppressed,,privacy_suppressed
243221,007108,University of Puerto Rico-Rio Piedras,Public,45.06,Economics.,5,Master's Degree,true,12,reported,4,reported,,privacy_suppressed,,privacy_suppressed,,privacy_suppressed,,privacy_suppressed,,privacy_suppressed
243744,001305,Stanford University,"Private, nonprofit",27.05,Statistics.,5,Master's Degree,false,60,reported,54,reported,,privacy_suppressed,,privacy_suppressed,,privacy_suppressed,,privacy_suppressed,,privacy_suppressed
243744,001305,Stanford University,"Private, nonprofit",45.06,Economics.,5,Master's Degree,true,17,reported,5,reported,,privacy_suppressed,,privacy_suppressed,,privacy_suppressed,,privacy_suppressed,,privacy_suppressed
243744,001305,Stanford University,"Private, nonprofit",52.13,Management Sciences and Quantitative Methods.,5,Master's Degree,false,583,reported,493,reported,,privacy_suppressed,,privacy_suppressed,,privacy_suppressed,,privacy_suppressed,,privacy_suppressed
243780,001825,Purdue University-Main Campus,Public,27.05,Statistics.,5,Master's Degree,false,31,reported,40,reported,,privacy_suppressed,,privacy_suppressed,,privacy_suppressed,,privacy_suppressed,,privacy_suppressed
243780,001825,Purdue University-Main Campus,Public,45.06,Economics.,5,Master's Degree,true,47,reported,76,reported,,privacy_suppressed,,privacy_suppressed,,privacy_suppressed,,privacy_suppressed,,privacy_suppressed
243780,001825,Purdue University-Main Campus,Public,52.13,Management Sciences and Quantitative Methods.,5,Master's Degree,false,186,reported,426,reported,,privacy_suppressed,,privacy_suppressed,,privacy_suppressed,,privacy_suppressed,,privacy_suppressed
377564,003798,University of Washington-Tacoma Campus,Public,52.13,Management Sciences and Quantitative Methods.,5,Master's Degree,false,45,reported,65,reported,95189,reported,,privacy_suppressed,,privacy_suppressed,24,reported,,privacy_suppressed
413413,032673,Capella University,"Private, for-profit",52.13,Management Sciences and Quantitative Methods.,5,Master's Degree,false,40,reported,28,reported,79873,reported,109421,reported,89180,reported,48,reported,44744,reported
414878,001839,Trine University-Regional/Non-Traditional Campuses,"Private, nonprofit",30.71,Data Analytics.,5,Master's Degree,false,26,reported,206,reported,,not_available,,privacy_suppressed,,not_available,,not_available,,not_available
436818,001417,University of Connecticut-Waterbury Campus,Public,27.05,Statistics.,5,Master's Degree,false,0,reported,0,reported,,privacy_suppressed,,privacy_suppressed,,privacy_suppressed,,privacy_suppressed,,privacy_suppressed
436818,001417,University of Connecticut-Waterbury Campus,Public,30.71,Data Analytics.,5,Master's Degree,false,,not_available,0,reported,,not_available,,privacy_suppressed,,not_available,,not_available,,not_available
436818,001417,University of Connecticut-Waterbury Campus,Public,45.06,Economics.,5,Master's Degree,true,0,reported,0,reported,,privacy_suppressed,,privacy_suppressed,,privacy_suppressed,,privacy_suppressed,,privacy_suppressed
436818,001417,University of Connecticut-Waterbury Campus,Public,52.13,Management Sciences and Quantitative Methods.,5,Master's Degree,false,1,reported,2,reported,98415,reported,150106,reported,122828,reported,38,reported,39217,reported
436827,001417,University of Connecticut-Avery Point,Public,27.05,Statistics.,5,Master's Degree,false,0,reported,0,reported,,privacy_suppressed,,privacy_suppressed,,privacy_suppressed,,privacy_suppressed,,privacy_suppressed
436827,001417,University of Connecticut-Avery Point,Public,30.71,Data Analytics.,5,Master's Degree,false,,not_available,0,reported,,not_available,,privacy_suppressed,,not_available,,not_available,,not_available
436827,001417,University of Connecticut-Avery Point,Public,45.06,Economics.,5,Master's Degree,true,0,reported,0,reported,,privacy_suppressed,,privacy_suppressed,,privacy_suppressed,,privacy_suppressed,,privacy_suppressed
436827,001417,University of Connecticut-Avery Point,Public,52.13,Management Sciences and Quantitative Methods.,5,Master's Degree,false,1,reported,2,reported,98415,reported,150106,reported,122828,reported,38,reported,39217,reported
436836,001417,University of Connecticut-Stamford,Public,27.05,Statistics.,5,Master's Degree,false,0,reported,0,reported,,privacy_suppressed,,privacy_suppressed,,privacy_suppressed,,privacy_suppressed,,privacy_suppressed
436836,001417,University of Connecticut-Stamford,Public,30.71,Data Analytics.,5,Master's Degree,false,,not_available,0,reported,,not_available,,privacy_suppressed,,not_available,,not_available,,not_available
436836,001417,University of Connecticut-Stamford,Public,45.06,Economics.,5,Master's Degree,true,0,reported,0,reported,,privacy_suppressed,,privacy_suppressed,,privacy_suppressed,,privacy_suppressed,,privacy_suppressed
436836,001417,University of Connecticut-Stamford,Public,52.13,Management Sciences and Quantitative Methods.,5,Master's Degree,false,1,reported,2,reported,98415,reported,150106,reported,122828,reported,38,reported,39217,reported
437097,041103,University of Management and Technology,"Private, for-profit",52.13,Management Sciences and Quantitative Methods.,5,Master's Degree,false,18,reported,18,reported,,privacy_suppressed,,privacy_suppressed,,privacy_suppressed,,privacy_suppressed,,privacy_suppressed
440828,003210,Oregon State University-Cascades Campus,Public,27.05,Statistics.,5,Master's Degree,false,1,reported,0,reported,104485,reported,,privacy_suppressed,,privacy_suppressed,20,reported,,privacy_suppressed
440828,003210,Oregon State University-Cascades Campus,Public,45.06,Economics.,5,Master's Degree,true,0,reported,0,reported,,privacy_suppressed,,privacy_suppressed,,privacy_suppressed,,privacy_suppressed,,privacy_suppressed
440828,003210,Oregon State University-Cascades Campus,Public,52.13,Management Sciences and Quantitative Methods.,5,Master's Degree,false,1,reported,2,reported,,privacy_suppressed,,privacy_suppressed,,privacy_suppressed,,privacy_suppressed,,privacy_suppressed
445188,041271,University of California-Merced,Public,45.06,Economics.,5,Master's Degree,true,1,reported,1,reported,,not_available,,privacy_suppressed,,not_available,,not_available,,not_available
445188,041271,University of California-Merced,Public,52.13,Management Sciences and Quantitative Methods.,5,Master's Degree,false,13,reported,8,reported,,privacy_suppressed,,privacy_suppressed,,privacy_suppressed,,privacy_suppressed,,privacy_suppressed
446640,039483,Harrisburg University of Science and Technology,"Private, nonprofit",30.71,Data Analytics.,5,Master's Degree,false,0,reported,4,reported,,privacy_suppressed,,privacy_suppressed,,privacy_suppressed,,privacy_suppressed,,privacy_suppressed
446640,039483,Harrisburg University of Science and Technology,"Private, nonprofit",52.13,Management Sciences and Quantitative Methods.,5,Master's Degree,false,381,reported,272,reported,,privacy_suppressed,,privacy_suppressed,,privacy_suppressed,,privacy_suppressed,,privacy_suppressed
449339,038193,American Public University System,"Private, for-profit",52.13,Management Sciences and Quantitative Methods.,5,Master's Degree,false,31,reported,31,reported,89079,reported,,privacy_suppressed,,privacy_suppressed,20,reported,,privacy_suppressed
449870,036963,University of the West,"Private, nonprofit",52.13,Management Sciences and Quantitative Methods.,5,Master's Degree,false,1,reported,1,reported,,privacy_suppressed,,privacy_suppressed,,privacy_suppressed,,privacy_suppressed,,privacy_suppressed
450571,008694,Rasmussen University-Wisconsin,"Private, for-profit",52.13,Management Sciences and Quantitative Methods.,5,Master's Degree,false,1,reported,0,reported,,privacy_suppressed,,privacy_suppressed,,privacy_suppressed,,privacy_suppressed,,not_available
455664,021553,The Chicago School at Los Angeles,"Private, nonprofit",45.06,Economics.,5,Master's Degree,true,18,reported,12,reported,,privacy_suppressed,,privacy_suppressed,,privacy_suppressed,,privacy_suppressed,,privacy_suppressed
459727,041425,Touro University Worldwide,"Private, nonprofit",30.71,Data Analytics.,5,Master's Degree,false,0,reported,6,reported,,privacy_suppressed,,privacy_suppressed,,privacy_suppressed,,privacy_suppressed,,not_available
460349,003404,Johnson & Wales University-Online,"Private, nonprofit",52.13,Management Sciences and Quantitative Methods.,5,Master's Degree,false,1,reported,0,reported,,privacy_suppressed,,privacy_suppressed,,privacy_suppressed,,privacy_suppressed,,privacy_suppressed
460738,041277,American Sentinel College of Nursing and Health Sciences,"Private, for-profit",52.13,Management Sciences and Quantitative Methods.,5,Master's Degree,false,,not_available,,not_available,,privacy_suppressed,,privacy_suppressed,,privacy_suppressed,,privacy_suppressed,,privacy_suppressed
463056,001417,University of Connecticut-Hartford Campus,Public,27.05,Statistics.,5,Master's Degree,false,0,reported,0,reported,,privacy_suppressed,,privacy_suppressed,,privacy_suppressed,,privacy_suppressed,,privacy_suppressed
463056,001417,University of Connecticut-Hartford Campus,Public,30.71,Data Analytics.,5,Master's Degree,false,,not_available,0,reported,,not_available,,privacy_suppressed,,not_available,,not_available,,not_available
463056,001417,University of Connecticut-Hartford Campus,Public,45.06,Economics.,5,Master's Degree,true,0,reported,0,reported,,privacy_suppressed,,privacy_suppressed,,privacy_suppressed,,privacy_suppressed,,privacy_suppressed
463056,001417,University of Connecticut-Hartford Campus,Public,52.13,Management Sciences and Quantitative Methods.,5,Master's Degree,false,1,reported,2,reported,98415,reported,150106,reported,122828,reported,38,reported,39217,reported
476975,042087,Colorado State University Global,Public,52.13,Management Sciences and Quantitative Methods.,5,Master's Degree,false,50,reported,57,reported,83765,reported,102355,reported,108061,reported,68,reported,50707,reported
479956,003329,Pennsylvania State University-World Campus,Public,27.05,Statistics.,5,Master's Degree,false,56,reported,66,reported,100281,reported,129392,reported,133369,reported,40,reported,,privacy_suppressed
479956,003329,Pennsylvania State University-World Campus,Public,52.13,Management Sciences and Quantitative Methods.,5,Master's Degree,false,210,reported,156,reported,110689,reported,139676,reported,144036,reported,249,reported,21500,reported
482149,001579,Augusta University,Public,30.70,Data Science.,5,Master's Degree,false,,not_available,2,reported,,not_available,,privacy_suppressed,,not_available,,not_available,,not_available
482705,002199,Northeastern University Professional Programs,"Private, nonprofit",45.06,Economics.,5,Master's Degree,true,59,reported,67,reported,,privacy_suppressed,,privacy_suppressed,,privacy_suppressed,,privacy_suppressed,,privacy_suppressed
482705,002199,Northeastern University Professional Programs,"Private, nonprofit",52.13,Management Sciences and Quantitative Methods.,5,Master's Degree,false,452,reported,753,reported,82134,reported,117139,reported,118016,reported,51,reported,38957,reported
482936,042634,Florida Polytechnic University,Public,30.70,Data Science.,5,Master's Degree,false,,not_available,1,reported,,not_available,,privacy_suppressed,,not_available,,not_available,,not_available
483124,001081,Arizona State University Digital Immersion,Public,27.06,Applied Statistics.,5,Master's Degree,false,0,reported,10,reported,,not_available,,privacy_suppressed,,not_available,,not_available,,not_available
483124,001081,Arizona State University Digital Immersion,Public,52.13,Management Sciences and Quantitative Methods.,5,Master's Degree,false,107,reported,158,reported,78583,reported,134987,reported,130574,reported,161,reported,33647,reported
484862,020523,University of West Los Angeles,"Private, for-profit",52.13,Management Sciences and Quantitative Methods.,5,Master's Degree,false,0,reported,3,reported,,privacy_suppressed,,privacy_suppressed,,privacy_suppressed,,privacy_suppressed,,privacy_suppressed
486840,001577,Kennesaw State University,Public,27.05,Statistics.,5,Master's Degree,false,24,reported,0,reported,102672,reported,100810,reported,119338,reported,24,reported,,privacy_suppressed
486840,001577,Kennesaw State University,Public,30.70,Data Science.,5,Master's Degree,false,,not_available,16,reported,,not_available,,privacy_suppressed,,not_available,,not_available,,not_available
487524,002043,Husson University,"Private, nonprofit",52.13,Management Sciences and Quantitative Methods.,5,Master's Degree,false,8,reported,7,reported,,privacy_suppressed,,privacy_suppressed,,privacy_suppressed,,privacy_suppressed,,privacy_suppressed
489779,004586,Purdue University Global,Public,30.71,Data Analytics.,5,Master's Degree,false,0,reported,3,reported,,privacy_suppressed,,privacy_suppressed,,privacy_suppressed,,privacy_suppressed,,not_available
489937,002956,Carolina University,"Private, nonprofit",30.70,Data Science.,5,Master's Degree,false,,not_available,6,reported,,not_available,,privacy_suppressed,,not_available,,not_available,,not_available
489937,002956,Carolina University,"Private, nonprofit",52.13,Management Sciences and Quantitative Methods.,5,Master's Degree,false,0,reported,0,reported,,privacy_suppressed,,privacy_suppressed,,privacy_suppressed,,privacy_suppressed,,privacy_suppressed
490133,042496,Westcliff University,"Private, for-profit",30.71,Data Analytics.,5,Master's Degree,false,0,reported,36,reported,,not_available,,privacy_suppressed,,not_available,,not_available,,not_available
490133,042496,Westcliff University,"Private, for-profit",52.13,Management Sciences and Quantitative Methods.,5,Master's Degree,false,52,reported,0,reported,,privacy_suppressed,,privacy_suppressed,,privacy_suppressed,,privacy_suppressed,,not_available
493512,042657,San Diego Global Knowledge University,"Private, for-profit",52.13,Management Sciences and Quantitative Methods.,5,Master's Degree,false,2,reported,1,reported,,privacy_suppressed,,privacy_suppressed,,privacy_suppressed,,privacy_suppressed,,privacy_suppressed
498562,003315,Commonwealth University of Pennsylvania,Public,52.13,Management Sciences and Quantitative Methods.,5,Master's Degree,false,1,reported,0,reported,,not_available,,privacy_suppressed,,not_available,,not_available,,not_available
498571,003316,Pennsylvania Western University,Public,30.70,Data Science.,5,Master's Degree,false,,not_available,3,reported,,not_available,,privacy_suppressed,,not_available,,not_available,,not_available
