cip_group,worksheet_rank,unitid,institution_name,state,cip_code,cip_title,on_stem_list,completions_masters_nonresident,completions_masters,institution_group_count,decision,note
ds,1,227216,University of North Texas,TX,30.7001,"Data Science, General.",true,336,344,4,pilot,
ds,2,185828,New Jersey Institute of Technology,NJ,30.7001,"Data Science, General.",true,154,201,3,,
ds,3,190150,Columbia University in the City of New York,NY,30.7001,"Data Science, General.",true,153,203,5,pilot,
ds,4,186432,Saint Peter's University,NJ,30.7001,"Data Science, General.",true,146,154,4,,
ds,5,193900,New York University,NY,30.7001,"Data Science, General.",true,134,167,5,pilot,
ds,6,122755,San Jose State University,CA,30.7001,"Data Science, General.",true,115,171,4,,
ds,7,146612,Lewis University,IL,30.7001,"Data Science, General.",true,108,122,2,,
ds,8,220862,University of Memphis,TN,30.7001,"Data Science, General.",true,93,98,2,,
ds,9,143358,Bradley University,IL,30.7001,"Data Science, General.",true,61,63,2,,
ds,10,170976,University of Michigan-Ann Arbor,MI,30.7001,"Data Science, General.",true,56,63,4,,
ds,11,228778,The University of Texas at Austin,TX,30.7001,"Data Science, General.",true,53,174,5,,
ds,12,110680,University of California-San Diego,CA,30.7001,"Data Science, General.",true,46,73,4,,
ds,13,133669,Florida Atlantic University,FL,30.7001,"Data Science, General.",true,46,66,2,,
ds,14,212054,Drexel University,PA,30.7001,"Data Science, General.",true,34,57,4,,
ds,15,170082,Grand Valley State University,MI,30.7001,"Data Science, General.",true,33,40,2,,
ds,16,178059,Maryville University of Saint Louis,MO,30.7001,"Data Science, General.",true,31,71,3,,
ds,17,217156,Brown University,RI,30.7001,"Data Science, General.",true,31,45,2,,
ds,18,203517,Kent State University at Kent,OH,30.7001,"Data Science, General.",true,29,29,4,,
ds,19,104179,University of Arizona,AZ,30.7001,"Data Science, General.",true,28,43,4,,
ds,20,227757,Rice University,TX,30.7001,"Data Science, General.",true,27,52,4,,
ds,21,120883,University of the Pacific,CA,30.7001,"Data Science, General.",true,26,32,2,,
ds,22,198419,Duke University,NC,30.7001,"Data Science, General.",true,25,36,4,,
ds,23,191241,Fordham University,NY,30.7001,"Data Science, General.",true,23,30,5,,
ds,24,228723,Texas A&M University-College Station,TX,30.7001,"Data Science, General.",true,23,28,4,,
ds,25,190044,Clarkson University,NY,30.7001,"Data Science, General.",true,22,27,2,,
ds,26,166629,University of Massachusetts-Amherst,MA,30.7001,"Data Science, General.",true,21,55,4,,
ds,27,171128,Michigan Technological University,MI,30.7001,"Data Science, General.",true,21,28,2,,
ds,28,168421,Worcester Polytechnic Institute,MA,30.7001,"Data Science, General.",true,20,48,4,,
ds,29,145637,University of Illinois Urbana-Champaign,IL,30.7001,"Data Science, General.",true,19,21,5,,
ds,30,131159,American University,DC,30.7001,"Data Science, General.",true,18,31,5,,
ds,31,130943,University of Delaware,DE,30.7001,"Data Science, General.",true,18,26,5,,
ds,32,174066,University of Minnesota-Twin Cities,MN,30.7001,"Data Science, General.",true,17,26,5,,
ds,33,212133,Eastern University,PA,30.7001,"Data Science, General.",true,16,664,2,,
ds,34,229115,Texas Tech University,TX,30.7001,"Data Science, General.",true,16,107,3,,
ds,35,219356,South Dakota State University,SD,30.7001,"Data Science, General.",true,13,20,2,,
ds,36,134097,Florida State University,FL,30.7001,"Data Science, General.",true,12,18,5,,
ds,37,178402,University of Missouri-Kansas City,MO,30.7001,"Data Science, General.",true,11,17,4,,
ds,38,489937,Carolina University,NC,30.7001,"Data Science, General.",true,11,14,1,,
ds,39,234076,University of Virginia-Main Campus,VA,30.7001,"Data Science, General.",true,10,120,4,pilot,
ds,40,168148,Tufts University,MA,30.7001,"Data Science, General.",true,10,21,4,,
ds,41,133553,Embry-Riddle Aeronautical University-Daytona Beach,FL,30.7001,"Data Science, General.",true,8,18,2,,
ds,42,482936,Florida Polytechnic University,FL,30.7001,"Data Science, General.",true,8,12,1,,
ds,43,127918,Regis University,CO,30.7001,"Data Science, General.",true,7,35,1,,
ds,44,198464,East Carolina University,NC,30.7001,"Data Science, General.",true,7,12,2,,
ds,45,213543,Lehigh University,PA,30.7001,"Data Science, General.",true,6,10,5,,
ds,46,219833,Christian Brothers University,TN,30.7001,"Data Science, General.",true,6,9,1,,
ds,47,240453,University of Wisconsin-Milwaukee,WI,30.7001,"Data Science, General.",true,6,7,4,,
ds,48,228246,Southern Methodist University,TX,30.7001,"Data Science, General.",true,5,69,4,,
ds,49,193308,Monroe University,NY,30.7001,"Data Science, General.",true,5,6,1,,
ds,50,484613,University of Phoenix-Arizona,AZ,30.7001,"Data Science, General.",true,4,34,1,,
ds,51,211440,Carnegie Mellon University,PA,30.7001,"Data Science, General.",true,4,17,5,,
ds,52,232982,Old Dominion University,VA,30.7001,"Data Science, General.",true,4,8,2,,
ds,53,240268,University of Wisconsin-Eau Claire,WI,30.7001,"Data Science, General.",true,3,16,1,,
ds,54,486840,Kennesaw State University,GA,30.7001,"Data Science, General.",true,3,12,1,,
ds,55,157085,University of Kentucky,KY,30.7001,"Data Science, General.",true,3,7,3,,
ds,56,186201,Ramapo College of New Jersey,NJ,30.7001,"Data Science, General.",true,3,6,1,,
ds,57,201441,Bowling Green State University-Main Campus,OH,30.7001,"Data Science, General.",true,3,6,4,,
ds,58,164988,Boston University,MA,30.7001,"Data Science, General.",true,3,5,5,,
ds,59,240277,University of Wisconsin-Green Bay,WI,30.7001,"Data Science, General.",true,2,22,1,,
ds,60,240329,University of Wisconsin-La Crosse,WI,30.7001,"Data Science, General.",true,2,17,2,,
ds,61,129020,University of Connecticut,CT,30.7001,"Data Science, General.",true,2,9,5,,
ds,62,220978,Middle Tennessee State University,TN,30.7001,"Data Science, General.",true,2,9,1,,
ds,63,129242,Fairfield University,CT,30.7001,"Data Science, General.",true,2,7,3,,
ds,64,153658,University of Iowa,IA,30.7001,"Data Science, General.",true,2,7,3,,
ds,65,200280,University of North Dakota,ND,30.7001,"Data Science, General.",true,2,5,2,,
ds,66,220075,East Tennessee State University,TN,30.7001,"Data Science, General.",true,2,2,1,,
ds,67,110705,University of California-Santa Barbara,CA,30.7001,"Data Science, General.",true,1,28,4,,
ds,68,210401,Willamette University,OR,30.7001,"Data Science, General.",true,1,27,1,,
ds,69,126775,Colorado School of Mines,CO,30.7001,"Data Science, General.",true,1,20,2,,
ds,70,125231,Walden University,MN,30.7001,"Data Science, General.",true,1,2,1,,
ds,71,240444,University of Wisconsin-Madison,WI,30.7001,"Data Science, General.",true,1,2,4,,
ds,72,155335,Newman University,KS,30.7001,"Data Science, General.",true,1,1,1,,
ds,73,156125,Wichita State University,KS,30.7001,"Data Science, General.",true,1,1,3,,
ds,74,180814,Bellevue University,NE,30.7001,"Data Science, General.",true,0,109,3,,
ds,75,122436,University of San Diego,CA,30.7001,"Data Science, General.",true,0,47,3,,
ds,76,178615,Truman State University,MO,30.7001,"Data Science, General.",true,0,16,1,,
ds,77,240365,University of Wisconsin-Oshkosh,WI,30.7001,"Data Science, General.",true,0,15,1,,
ds,78,197045,Utica University,NY,30.7001,"Data Science, General.",true,0,12,1,,
ds,79,200697,Air Force Institute of Technology-Graduate School of Engineering & Management,OH,30.7001,"Data Science, General.",true,0,9,2,,
ds,80,220792,Meharry Medical College,TN,30.7001,"Data Science, General.",true,0,9,1,,
ds,81,168227,Wentworth Institute of Technology,MA,30.7001,"Data Science, General.",true,0,6,2,,
ds,82,220792,Meharry Medical College,TN,30.7099,"Data Science, Other.",false,0,6,1,,
ds,83,498571,Pennsylvania Western University,PA,30.7001,"Data Science, General.",true,0,6,1,,
ds,84,131520,Howard University,DC,30.7001,"Data Science, General.",true,0,5,1,,
ds,85,146719,Loyola University Chicago,IL,30.7001,"Data Science, General.",true,0,5,3,,
ds,86,240480,University of Wisconsin-Stevens Point,WI,30.7001,"Data Science, General.",true,0,5,1,,
ds,87,152390,Saint Mary's College,IN,30.7001,"Data Science, General.",true,0,4,1,,
ds,88,217819,College of Charleston,SC,30.7001,"Data Science, General.",true,0,4,1,,
ds,89,240426,University of Wisconsin-Superior,WI,30.7001,"Data Science, General.",true,0,4,1,,
ds,90,185572,Monmouth University,NJ,30.7001,"Data Science, General.",true,0,3,1,,
ds,91,155317,University of Kansas,KS,30.7001,"Data Science, General.",true,0,2,4,,
ds,92,234915,City University of Seattle,WA,30.7001,"Data Science, General.",true,0,2,1,,
ds,93,482149,Augusta University,GA,30.7001,"Data Science, General.",true,0,2,1,,
ds,94,186584,Seton Hall University,NJ,30.7001,"Data Science, General.",true,0,1,3,,
ds,95,230782,Weber State University,UT,30.7001,"Data Science, General.",true,0,1,2,,
ds,96,237525,Marshall University,WV,30.7001,"Data Science, General.",true,0,1,2,,
analytics,1,228787,The University of Texas at Dallas,TX,30.7102,Business Analytics.,true,898,1033,4,pilot,
analytics,2,414878,Trine University-Regional/Non-Traditional Campuses,IN,30.7102,Business Analytics.,true,731,737,1,,
analytics,3,227216,University of North Texas,TX,30.7102,Business Analytics.,true,317,356,4,,
analytics,4,164368,Hult International Business School,MA,30.7102,Business Analytics.,true,244,250,1,,
analytics,5,186432,Saint Peter's University,NJ,30.7102,Business Analytics.,true,204,206,4,,
analytics,6,164988,Boston University,MA,30.7102,Business Analytics.,true,199,226,5,pilot,
analytics,7,224554,East Texas A&M University,TX,30.7102,Business Analytics.,true,186,257,2,,
analytics,8,129020,University of Connecticut,CT,30.7102,Business Analytics.,true,175,216,5,pilot,
analytics,9,144050,University of Chicago,IL,30.7101,"Data Analytics, General.",true,164,246,4,pilot,
analytics,10,190150,Columbia University in the City of New York,NY,30.7102,Business Analytics.,true,159,184,5,,
analytics,11,123961,University of Southern California,CA,30.7102,Business Analytics.,true,147,208,4,,
analytics,12,164988,Boston University,MA,30.7104,Financial Analytics.,true,128,153,5,,
analytics,13,166629,University of Massachusetts-Amherst,MA,30.7102,Business Analytics.,true,115,271,4,,
analytics,14,228778,The University of Texas at Austin,TX,30.7102,Business Analytics.,true,99,184,5,,
analytics,15,191241,Fordham University,NY,30.7102,Business Analytics.,true,88,130,5,,
analytics,16,228769,The University of Texas at Arlington,TX,30.7102,Business Analytics.,true,85,100,2,,
analytics,17,145637,University of Illinois Urbana-Champaign,IL,30.7102,Business Analytics.,true,85,95,5,,
analytics,18,203517,Kent State University at Kent,OH,30.7102,Business Analytics.,true,82,89,4,,
analytics,19,215062,University of Pennsylvania,PA,30.7104,Financial Analytics.,true,79,255,4,,
analytics,20,490133,Westcliff University,CA,30.7101,"Data Analytics, General.",true,79,82,1,,
analytics,21,144740,DePaul University,IL,30.7102,Business Analytics.,true,76,100,4,,
analytics,22,174066,University of Minnesota-Twin Cities,MN,30.7102,Business Analytics.,true,69,78,5,,
analytics,23,190512,CUNY Bernard M Baruch College,NY,30.7102,Business Analytics.,true,65,149,3,,
analytics,24,212054,Drexel University,PA,30.7102,Business Analytics.,true,60,70,4,,
analytics,25,173328,Concordia University-Saint Paul,MN,30.7101,"Data Analytics, General.",true,60,68,1,,
analytics,26,164580,Babson College,MA,30.7102,Business Analytics.,true,59,77,1,,
analytics,27,120883,University of the Pacific,CA,30.7102,Business Analytics.,true,58,63,2,,
analytics,28,194310,Pace University,NY,30.7102,Business Analytics.,true,45,55,3,,
analytics,29,228459,Texas State University,TX,30.7102,Business Analytics.,true,44,49,2,,
analytics,30,215293,University of Pittsburgh-Pittsburgh Campus,PA,30.7102,Business Analytics.,true,43,50,4,,
analytics,31,170976,University of Michigan-Ann Arbor,MI,30.7104,Financial Analytics.,true,40,76,4,,
analytics,32,167987,University of Massachusetts-Dartmouth,MA,30.7101,"Data Analytics, General.",true,39,40,2,,
analytics,33,202806,Franklin University,OH,30.7102,Business Analytics.,true,35,48,1,,
analytics,34,213543,Lehigh University,PA,30.7102,Business Analytics.,true,34,42,5,,
analytics,35,193900,New York University,NY,30.7102,Business Analytics.,true,30,49,5,,
analytics,36,211440,Carnegie Mellon University,PA,30.7199,"Data Analytics, Other.",true,27,64,5,,
analytics,37,225511,University of Houston,TX,30.7102,Business Analytics.,true,27,47,4,,
analytics,38,226833,Midwestern State University,TX,30.7102,Business Analytics.,true,24,44,1,,
analytics,39,130943,University of Delaware,DE,30.7102,Business Analytics.,true,23,31,5,,
analytics,40,133669,Florida Atlantic University,FL,30.7102,Business Analytics.,true,22,61,2,,
analytics,41,206604,Wright State University-Main Campus,OH,30.7102,Business Analytics.,true,22,30,4,,
analytics,42,212054,Drexel University,PA,30.7104,Financial Analytics.,true,22,22,4,,
analytics,43,234030,Virginia Commonwealth University,VA,30.7101,"Data Analytics, General.",true,19,47,2,,
analytics,44,168148,Tufts University,MA,30.7101,"Data Analytics, General.",true,19,27,4,,
analytics,45,136172,University of North Florida,FL,30.7102,Business Analytics.,true,16,41,1,,
analytics,46,225432,University of Houston-Downtown,TX,30.7101,"Data Analytics, General.",true,15,58,1,,
analytics,47,117140,University of La Verne,CA,30.7101,"Data Analytics, General.",true,15,26,1,,
analytics,48,195003,Rochester Institute of Technology,NY,30.7104,Financial Analytics.,true,15,16,3,,
analytics,49,211440,Carnegie Mellon University,PA,30.7101,"Data Analytics, General.",true,13,20,5,,
analytics,50,211440,Carnegie Mellon University,PA,30.7103,Data Visualization.,true,13,17,5,,
analytics,51,183044,University of New Hampshire-Main Campus,NH,30.7102,Business Analytics.,true,13,16,4,,
analytics,52,228875,Texas Christian University,TX,30.7102,Business Analytics.,true,10,40,2,,
analytics,53,163286,University of Maryland-College Park,MD,30.7104,Financial Analytics.,true,9,46,4,,
analytics,54,192448,Long Island University,NY,30.7101,"Data Analytics, General.",true,9,17,2,,
analytics,55,105330,Northern Arizona University,AZ,30.7102,Business Analytics.,true,8,12,2,,
analytics,56,134097,Florida State University,FL,30.7102,Business Analytics.,true,8,11,5,,
analytics,57,132903,University of Central Florida,FL,30.7104,Financial Analytics.,true,7,56,2,,
analytics,58,129242,Fairfield University,CT,30.7102,Business Analytics.,true,7,42,3,,
analytics,59,122436,University of San Diego,CA,30.7102,Business Analytics.,true,7,40,3,,
analytics,60,229027,The University of Texas at San Antonio,TX,30.7101,"Data Analytics, General.",true,7,29,3,,
analytics,61,229160,Texas Wesleyan University,TX,30.7102,Business Analytics.,true,7,18,1,,
analytics,62,164924,Boston College,MA,30.7101,"Data Analytics, General.",true,7,9,3,,
analytics,63,225511,University of Houston,TX,30.7104,Financial Analytics.,true,6,102,4,,
analytics,64,179043,Rockhurst University,MO,30.7102,Business Analytics.,true,6,29,1,,
analytics,65,219471,University of South Dakota,SD,30.7102,Business Analytics.,true,6,11,1,,
analytics,66,131159,American University,DC,30.7104,Financial Analytics.,true,6,6,5,,
analytics,67,196130,SUNY Buffalo State University,NY,30.7101,"Data Analytics, General.",true,5,22,1,,
analytics,68,115083,Golden Gate University,CA,30.7102,Business Analytics.,true,5,18,2,,
analytics,69,123554,Saint Mary's College of California,CA,30.7102,Business Analytics.,true,5,18,2,,
analytics,70,182281,University of Nevada-Las Vegas,NV,30.7101,"Data Analytics, General.",true,5,12,3,,
analytics,71,196246,State University of New York at Plattsburgh,NY,30.7101,"Data Analytics, General.",true,5,12,1,,
analytics,72,168421,Worcester Polytechnic Institute,MA,30.7102,Business Analytics.,true,5,10,4,,
analytics,73,130226,Quinnipiac University,CT,30.7102,Business Analytics.,true,4,48,1,,
analytics,74,110583,California State University-Long Beach,CA,30.7104,Financial Analytics.,true,4,22,3,,
analytics,75,213367,La Salle University,PA,30.7102,Business Analytics.,true,4,21,1,,
analytics,76,446640,Harrisburg University of Science and Technology,PA,30.7102,Business Analytics.,true,4,4,2,,
analytics,77,240453,University of Wisconsin-Milwaukee,WI,30.7102,Business Analytics.,true,3,32,4,,
analytics,78,222831,Angelo State University,TX,30.7102,Business Analytics.,true,3,29,1,,
analytics,79,130943,University of Delaware,DE,30.7104,Financial Analytics.,true,3,11,5,,
analytics,80,185590,Montclair State University,NJ,30.7102,Business Analytics.,true,3,4,3,,
analytics,81,199412,Queens University of Charlotte,NC,30.7104,Financial Analytics.,true,3,4,1,,
analytics,82,141334,University of West Georgia,GA,30.7102,Business Analytics.,true,3,3,1,,
analytics,83,152600,Valparaiso University,IN,30.7102,Business Analytics.,true,3,3,2,,
analytics,84,238616,Concordia University-Wisconsin,WI,30.7102,Business Analytics.,true,3,3,1,,
analytics,85,227368,The University of Texas Rio Grande Valley,TX,30.7102,Business Analytics.,true,2,59,2,,
analytics,86,226091,Lamar University,TX,30.7104,Financial Analytics.,true,2,24,1,,
analytics,87,161873,University of Baltimore,MD,30.7104,Financial Analytics.,true,2,7,2,,
analytics,88,134079,Florida Southern College,FL,30.7102,Business Analytics.,true,2,5,1,,
analytics,89,153825,Loras College,IA,30.7101,"Data Analytics, General.",true,2,4,1,,
analytics,90,130989,Goldey-Beacom College,DE,30.7102,Business Analytics.,true,2,2,2,,
analytics,91,145725,Illinois Institute of Technology,IL,30.7102,Business Analytics.,true,2,2,2,,
analytics,92,202806,Franklin University,OH,30.7101,"Data Analytics, General.",true,1,35,1,,
analytics,93,180814,Bellevue University,NE,30.7102,Business Analytics.,true,1,29,3,,
analytics,94,178059,Maryville University of Saint Louis,MO,30.7101,"Data Analytics, General.",true,1,26,3,,
analytics,95,240189,University of Wisconsin-Whitewater,WI,30.7102,Business Analytics.,true,1,24,1,,
analytics,96,169479,Davenport University,MI,30.7102,Business Analytics.,true,1,14,2,,
analytics,97,207263,Northeastern State University,OK,30.7104,Financial Analytics.,true,1,11,1,,
analytics,98,172608,Walsh College,MI,30.7101,"Data Analytics, General.",true,1,8,2,,
analytics,99,216852,Widener University,PA,30.7101,"Data Analytics, General.",true,1,5,2,,
analytics,100,207458,Oklahoma City University,OK,30.7101,"Data Analytics, General.",true,1,4,1,,
analytics,101,215947,Seton Hill University,PA,30.7102,Business Analytics.,true,1,4,1,,
analytics,102,133553,Embry-Riddle Aeronautical University-Daytona Beach,FL,30.7102,Business Analytics.,true,1,3,2,,
analytics,103,169798,Eastern Michigan University,MI,30.7102,Business Analytics.,true,1,3,4,,
analytics,104,100751,The University of Alabama,AL,30.7102,Business Analytics.,true,1,2,4,,
analytics,105,215062,University of Pennsylvania,PA,30.7102,Business Analytics.,true,1,2,4,,
analytics,106,104151,Arizona State University Campus Immersion,AZ,30.7101,"Data Analytics, General.",true,1,1,4,,
analytics,107,143358,Bradley University,IL,30.7102,Business Analytics.,true,1,1,2,,
analytics,108,204857,Ohio University-Main Campus,OH,30.7102,Business Analytics.,true,0,74,2,,
analytics,109,199218,University of North Carolina Wilmington,NC,30.7104,Financial Analytics.,true,0,50,2,,
analytics,110,176017,University of Mississippi,MS,30.7101,"Data Analytics, General.",true,0,45,3,,
analytics,111,174817,Saint Mary's University of Minnesota,MN,30.7102,Business Analytics.,true,0,42,1,,
analytics,112,237312,University of Charleston,WV,30.7102,Business Analytics.,true,0,26,1,,
analytics,113,489779,Purdue University Global,IN,30.7101,"Data Analytics, General.",true,0,23,1,,
analytics,114,150163,Butler University,IN,30.7101,"Data Analytics, General.",true,0,21,2,,
analytics,115,153269,Drake University,IA,30.7101,"Data Analytics, General.",true,0,18,1,,
analytics,116,212133,Eastern University,PA,30.7102,Business Analytics.,true,0,15,2,,
analytics,117,186584,Seton Hall University,NJ,30.7102,Business Analytics.,true,0,14,3,,
analytics,118,198695,High Point University,NC,30.7102,Business Analytics.,true,0,14,1,,
analytics,119,182290,University of Nevada-Reno,NV,30.7102,Business Analytics.,true,0,12,3,,
analytics,120,181464,University of Nebraska-Lincoln,NE,30.7102,Business Analytics.,true,0,11,4,,
analytics,121,195164,St Bonaventure University,NY,30.7102,Business Analytics.,true,0,11,1,,
analytics,122,200800,University of Akron Main Campus,OH,30.7102,Business Analytics.,true,0,11,3,,
analytics,123,217059,York College of Pennsylvania,PA,30.7102,Business Analytics.,true,0,9,1,,
analytics,124,190044,Clarkson University,NY,30.7101,"Data Analytics, General.",true,0,8,2,,
analytics,125,459727,Touro University Worldwide,CA,30.7102,Business Analytics.,true,0,6,1,,
analytics,126,199847,Wake Forest University,NC,30.7104,Financial Analytics.,true,0,5,3,,
analytics,127,228769,The University of Texas at Arlington,TX,30.7101,"Data Analytics, General.",true,0,5,2,,
analytics,128,169910,Ferris State University,MI,30.7101,"Data Analytics, General.",true,0,4,1,,
analytics,129,212133,Eastern University,PA,30.7101,"Data Analytics, General.",true,0,4,2,,
analytics,130,222628,Amberton University,TX,30.7102,Business Analytics.,true,0,4,2,,
analytics,131,223232,Baylor University,TX,30.7102,Business Analytics.,true,0,4,3,,
analytics,132,231651,Regent University,VA,30.7102,Business Analytics.,true,0,4,1,,
analytics,133,239105,Marquette University,WI,30.7199,"Data Analytics, Other.",true,0,4,4,,
analytics,134,225414,University of Houston-Clear Lake,TX,30.7104,Financial Analytics.,true,0,3,2,,
analytics,135,166869,MGH Institute of Health Professions,MA,30.7101,"Data Analytics, General.",true,0,2,1,,
analytics,136,168227,Wentworth Institute of Technology,MA,30.7102,Business Analytics.,true,0,2,2,,
analytics,137,214157,Moravian University,PA,30.7101,"Data Analytics, General.",true,0,2,1,,
analytics,138,218663,University of South Carolina-Columbia,SC,30.7199,"Data Analytics, Other.",true,0,2,3,,
analytics,139,220631,Lincoln Memorial University,TN,30.7102,Business Analytics.,true,0,2,1,,
analytics,140,130183,Post University,CT,30.7102,Business Analytics.,true,0,1,1,,
analytics,141,196060,University at Albany,NY,30.7102,Business Analytics.,true,0,1,2,,
analytics,142,207458,Oklahoma City University,OK,30.7104,Financial Analytics.,true,0,1,1,,
analytics,143,231420,Averett University,VA,30.7102,Business Analytics.,true,0,1,1,,
analytics,144,235316,Gonzaga University,WA,30.7102,Business Analytics.,true,0,1,1,,
stats,1,227216,University of North Texas,TX,27.0503,Mathematics and Statistics.,true,359,431,4,,
stats,2,190150,Columbia University in the City of New York,NY,27.0501,"Statistics, General.",true,309,335,5,pilot,
stats,3,190150,Columbia University in the City of New York,NY,27.0502,Mathematical Statistics and Probability.,true,95,103,5,,
stats,4,186380,Rutgers University-New Brunswick,NJ,27.0501,"Statistics, General.",true,76,94,3,main,
stats,5,145637,University of Illinois Urbana-Champaign,IL,27.0501,"Statistics, General.",true,73,89,5,pilot,
stats,6,162928,Johns Hopkins University,MD,27.0501,"Statistics, General.",true,69,135,3,,
stats,7,240444,University of Wisconsin-Madison,WI,27.0501,"Statistics, General.",true,69,79,4,pilot,
stats,8,149772,Western Illinois University,IL,27.0501,"Statistics, General.",true,64,65,2,,
stats,9,164988,Boston University,MA,27.0501,"Statistics, General.",true,63,69,5,,
stats,10,170976,University of Michigan-Ann Arbor,MI,27.0601,"Applied Statistics, General.",true,61,71,4,,
stats,11,190415,Cornell University,NY,27.0501,"Statistics, General.",true,55,67,3,,
stats,12,198419,Duke University,NC,27.0501,"Statistics, General.",true,44,52,4,,
stats,13,170976,University of Michigan-Ann Arbor,MI,27.0502,Mathematical Statistics and Probability.,true,38,40,4,,
stats,14,144050,University of Chicago,IL,27.0501,"Statistics, General.",true,36,44,4,,
stats,15,243744,Stanford University,CA,27.0501,"Statistics, General.",true,34,60,3,,
stats,16,236948,University of Washington-Seattle Campus,WA,27.0501,"Statistics, General.",true,34,46,3,,
stats,17,110644,University of California-Davis,CA,27.0501,"Statistics, General.",true,29,42,3,,
stats,18,131496,Georgetown University,DC,27.0503,Mathematics and Statistics.,true,27,37,3,,
stats,19,110574,California State University-East Bay,CA,27.0501,"Statistics, General.",true,25,43,3,,
stats,20,110635,University of California-Berkeley,CA,27.0501,"Statistics, General.",true,25,42,3,,
stats,21,147767,Northwestern University,IL,27.0501,"Statistics, General.",true,25,32,3,,
stats,22,193900,New York University,NY,27.0501,"Statistics, General.",true,22,31,5,,
stats,23,170976,University of Michigan-Ann Arbor,MI,27.0501,"Statistics, General.",true,21,28,4,,
stats,24,243780,Purdue University-Main Campus,IN,27.0501,"Statistics, General.",true,20,25,3,,
stats,25,227757,Rice University,TX,27.0501,"Statistics, General.",true,19,25,4,,
stats,26,110662,University of California-Los Angeles,CA,27.0599,"Statistics, Other.",true,18,35,3,,
stats,27,130943,University of Delaware,DE,27.0501,"Statistics, General.",true,18,23,5,,
stats,28,179867,Washington University in St Louis,MO,27.0501,"Statistics, General.",true,18,22,3,,
stats,29,131469,George Washington University,DC,27.0501,"Statistics, General.",true,17,20,3,,
stats,30,215062,University of Pennsylvania,PA,27.0501,"Statistics, General.",true,16,32,4,,
stats,31,174066,University of Minnesota-Twin Cities,MN,27.0501,"Statistics, General.",true,16,18,5,,
stats,32,199193,North Carolina State University at Raleigh,NC,27.0501,"Statistics, General.",true,15,52,3,,
stats,33,139959,University of Georgia,GA,27.0501,"Statistics, General.",true,14,25,3,,
stats,34,166027,Harvard University,MA,27.0501,"Statistics, General.",true,13,27,3,,
stats,35,130794,Yale University,CT,27.0501,"Statistics, General.",true,13,25,3,,
stats,36,190512,CUNY Bernard M Baruch College,NY,27.0501,"Statistics, General.",true,11,40,3,,
stats,37,110653,University of California-Irvine,CA,27.0501,"Statistics, General.",true,11,22,3,,
stats,38,110705,University of California-Santa Barbara,CA,27.0501,"Statistics, General.",true,11,20,4,,
stats,39,139755,Georgia Institute of Technology-Main Campus,GA,27.0501,"Statistics, General.",true,11,17,3,,
stats,40,201441,Bowling Green State University-Main Campus,OH,27.0601,"Applied Statistics, General.",true,11,13,4,,
stats,41,228787,The University of Texas at Dallas,TX,27.0501,"Statistics, General.",true,10,26,4,,
stats,42,134097,Florida State University,FL,27.0501,"Statistics, General.",true,10,16,5,,
stats,43,225511,University of Houston,TX,27.0503,Mathematics and Statistics.,true,9,20,4,,
stats,44,204796,Ohio State University-Main Campus,OH,27.0501,"Statistics, General.",true,9,19,3,,
stats,45,171100,Michigan State University,MI,27.0501,"Statistics, General.",true,9,10,3,,
stats,46,100858,Auburn University,AL,27.0501,"Statistics, General.",true,9,9,1,,
stats,47,479956,Pennsylvania State University-World Campus,PA,27.0501,"Statistics, General.",true,8,49,2,,
stats,48,229115,Texas Tech University,TX,27.0501,"Statistics, General.",true,8,10,3,,
stats,49,195030,University of Rochester,NY,27.0501,"Statistics, General.",true,8,9,3,,
stats,50,228778,The University of Texas at Austin,TX,27.0501,"Statistics, General.",true,8,9,5,,
stats,51,132903,University of Central Florida,FL,27.0501,"Statistics, General.",true,7,16,2,,
stats,52,204024,Miami University-Oxford,OH,27.0501,"Statistics, General.",true,7,12,3,,
stats,53,122597,San Francisco State University,CA,27.0501,"Statistics, General.",true,7,11,3,,
stats,54,159391,Louisiana State University and Agricultural & Mechanical College,LA,27.0501,"Statistics, General.",true,7,10,3,,
stats,55,221759,The University of Tennessee-Knoxville,TN,27.0501,"Statistics, General.",true,7,10,3,,
stats,56,236939,Washington State University,WA,27.0501,"Statistics, General.",true,7,9,2,,
stats,57,137351,University of South Florida,FL,27.0501,"Statistics, General.",true,7,8,2,,
stats,58,145600,University of Illinois Chicago,IL,27.0501,"Statistics, General.",true,7,8,3,,
stats,59,110662,University of California-Los Angeles,CA,27.0501,"Statistics, General.",true,6,19,3,,
stats,60,214777,Pennsylvania State University-Main Campus,PA,27.0501,"Statistics, General.",true,6,13,3,,
stats,61,215293,University of Pittsburgh-Pittsburgh Campus,PA,27.0501,"Statistics, General.",true,6,12,4,,
stats,62,166629,University of Massachusetts-Amherst,MA,27.0501,"Statistics, General.",true,6,11,4,,
stats,63,227368,The University of Texas Rio Grande Valley,TX,27.0503,Mathematics and Statistics.,true,6,10,2,,
stats,64,126818,Colorado State University-Fort Collins,CO,27.0501,"Statistics, General.",true,6,7,3,,
stats,65,217484,University of Rhode Island,RI,27.0501,"Statistics, General.",true,6,7,2,,
stats,66,104717,Grand Canyon University,AZ,27.0501,"Statistics, General.",true,5,31,2,,
stats,67,110680,University of California-San Diego,CA,27.0501,"Statistics, General.",true,5,9,4,,
stats,68,151351,Indiana University-Bloomington,IN,27.0502,Mathematical Statistics and Probability.,true,5,9,3,,
stats,69,199847,Wake Forest University,NC,27.0501,"Statistics, General.",true,5,9,3,,
stats,70,105330,Northern Arizona University,AZ,27.0501,"Statistics, General.",true,5,8,2,,
stats,71,228796,The University of Texas at El Paso,TX,27.0503,Mathematics and Statistics.,true,5,8,2,,
stats,72,163268,University of Maryland-Baltimore County,MD,27.0501,"Statistics, General.",true,5,7,2,,
stats,73,169248,Central Michigan University,MI,27.0501,"Statistics, General.",true,5,7,1,,
stats,74,123961,University of Southern California,CA,27.0501,"Statistics, General.",true,5,5,4,,
stats,75,228723,Texas A&M University-College Station,TX,27.0501,"Statistics, General.",true,4,90,4,,
stats,76,195003,Rochester Institute of Technology,NY,27.0601,"Applied Statistics, General.",true,4,22,3,,
stats,77,234076,University of Virginia-Main Campus,VA,27.0501,"Statistics, General.",true,4,22,4,,
stats,78,216764,West Chester University of Pennsylvania,PA,27.0501,"Statistics, General.",true,4,20,1,,
stats,79,122409,San Diego State University,CA,27.0501,"Statistics, General.",true,4,19,2,,
stats,80,104179,University of Arizona,AZ,27.0501,"Statistics, General.",true,4,7,4,,
stats,81,133951,Florida International University,FL,27.0501,"Statistics, General.",true,4,7,3,,
stats,82,153658,University of Iowa,IA,27.0501,"Statistics, General.",true,4,7,3,,
stats,83,233921,Virginia Polytechnic Institute and State University,VA,27.0601,"Applied Statistics, General.",true,4,7,2,,
stats,84,172699,Western Michigan University,MI,27.0501,"Statistics, General.",true,4,6,3,,
stats,85,187985,University of New Mexico-Main Campus,NM,27.0501,"Statistics, General.",true,4,6,1,,
stats,86,171128,Michigan Technological University,MI,27.0501,"Statistics, General.",true,4,5,2,,
stats,87,227881,Sam Houston State University,TX,27.0501,"Statistics, General.",true,4,5,1,,
stats,88,201645,Case Western Reserve University,OH,27.0501,"Statistics, General.",true,4,4,2,,
stats,89,228705,Texas A&M University-Kingsville,TX,27.0503,Mathematics and Statistics.,true,4,4,1,,
stats,90,209542,Oregon State University,OR,27.0501,"Statistics, General.",true,3,16,2,,
stats,91,216597,Villanova University,PA,27.0601,"Applied Statistics, General.",true,3,15,2,,
stats,92,106397,University of Arkansas,AR,27.0501,"Statistics, General.",true,3,14,3,,
stats,93,190664,CUNY Queens College,NY,27.0599,"Statistics, Other.",true,3,14,2,,
stats,94,155399,Kansas State University,KS,27.0501,"Statistics, General.",true,3,13,3,,
stats,95,211440,Carnegie Mellon University,PA,27.0501,"Statistics, General.",true,3,12,5,,
stats,96,163286,University of Maryland-College Park,MD,27.0501,"Statistics, General.",true,3,8,4,,
stats,97,233921,Virginia Polytechnic Institute and State University,VA,27.0501,"Statistics, General.",true,3,8,2,,
stats,98,146719,Loyola University Chicago,IL,27.0501,"Statistics, General.",true,3,7,3,,
stats,99,147703,Northern Illinois University,IL,27.0501,"Statistics, General.",true,3,5,3,,
stats,100,168421,Worcester Polytechnic Institute,MA,27.0501,"Statistics, General.",true,3,5,4,,
stats,101,109785,Azusa Pacific University,CA,27.0501,"Statistics, General.",true,3,4,1,,
stats,102,219356,South Dakota State University,SD,27.0501,"Statistics, General.",true,3,4,2,,
stats,103,110671,University of California-Riverside,CA,27.0501,"Statistics, General.",true,3,3,3,,
stats,104,126818,Colorado State University-Fort Collins,CO,27.0601,"Applied Statistics, General.",true,2,32,3,,
stats,105,110583,California State University-Long Beach,CA,27.0599,"Statistics, Other.",true,2,17,3,,
stats,106,104151,Arizona State University Campus Immersion,AZ,27.0501,"Statistics, General.",true,2,10,4,,
stats,107,122755,San Jose State University,CA,27.0501,"Statistics, General.",true,2,9,4,,
stats,108,157085,University of Kentucky,KY,27.0501,"Statistics, General.",true,2,8,3,,
stats,109,153603,Iowa State University,IA,27.0501,"Statistics, General.",true,2,7,2,,
stats,110,199120,University of North Carolina at Chapel Hill,NC,27.0502,Mathematical Statistics and Probability.,true,2,7,3,,
stats,111,102614,University of Alaska Fairbanks,AK,27.0501,"Statistics, General.",true,2,6,1,,
stats,112,142285,University of Idaho,ID,27.0501,"Statistics, General.",true,2,5,2,,
stats,113,153366,Graceland University-Lamoni,IA,27.0503,Mathematics and Statistics.,true,2,5,1,,
stats,114,243780,Purdue University-Main Campus,IN,27.0502,Mathematical Statistics and Probability.,true,2,5,3,,
stats,115,200800,University of Akron Main Campus,OH,27.0501,"Statistics, General.",true,2,4,3,,
stats,116,209807,Portland State University,OR,27.0501,"Statistics, General.",true,2,4,3,,
stats,117,110714,University of California-Santa Cruz,CA,27.0502,Mathematical Statistics and Probability.,true,2,3,2,,
stats,118,181464,University of Nebraska-Lincoln,NE,27.0501,"Statistics, General.",true,2,3,4,,
stats,119,185828,New Jersey Institute of Technology,NJ,27.0501,"Statistics, General.",true,2,3,3,,
stats,120,134130,University of Florida,FL,27.0501,"Statistics, General.",true,2,2,2,,
stats,121,150136,Ball State University,IN,27.0501,"Statistics, General.",true,2,2,2,,
stats,122,169798,Eastern Michigan University,MI,27.0601,"Applied Statistics, General.",true,2,2,4,,
stats,123,188030,New Mexico State University-Main Campus,NM,27.0501,"Statistics, General.",true,2,2,1,,
stats,124,213543,Lehigh University,PA,27.0501,"Statistics, General.",true,2,2,5,,
stats,125,162928,Johns Hopkins University,MD,27.0601,"Applied Statistics, General.",true,1,58,3,,
stats,126,483124,Arizona State University Digital Immersion,AZ,27.0601,"Applied Statistics, General.",true,1,28,2,,
stats,127,190594,CUNY Hunter College,NY,27.0503,Mathematics and Statistics.,true,1,15,1,,
stats,128,144740,DePaul University,IL,27.0601,"Applied Statistics, General.",true,1,11,4,,
stats,129,178396,University of Missouri-Columbia,MO,27.0501,"Statistics, General.",true,1,11,3,,
stats,130,230728,Utah State University,UT,27.0501,"Statistics, General.",true,1,10,3,,
stats,131,202134,Cleveland State University,OH,27.0601,"Applied Statistics, General.",true,1,9,1,,
stats,132,223232,Baylor University,TX,27.0601,"Applied Statistics, General.",true,1,9,3,,
stats,133,131159,American University,DC,27.0501,"Statistics, General.",true,1,8,5,,
stats,134,207388,Oklahoma State University-Main Campus,OK,27.0501,"Statistics, General.",true,1,7,2,,
stats,135,232186,George Mason University,VA,27.0501,"Statistics, General.",true,1,7,1,,
stats,136,161253,University of Maine,ME,27.0503,Mathematics and Statistics.,true,1,6,3,,
stats,137,151351,Indiana University-Bloomington,IN,27.0501,"Statistics, General.",true,1,5,3,,
stats,138,180461,Montana State University,MT,27.0503,Mathematics and Statistics.,true,1,5,3,,
stats,139,182290,University of Nevada-Reno,NV,27.0502,Mathematical Statistics and Probability.,true,1,5,3,,
stats,140,231174,University of Vermont,VT,27.0501,"Statistics, General.",true,1,5,2,,
stats,141,173920,Minnesota State University-Mankato,MN,27.0599,"Statistics, Other.",true,1,4,1,,
stats,142,176080,Mississippi State University,MS,27.0501,"Statistics, General.",true,1,4,1,,
stats,143,240727,University of Wyoming,WY,27.0501,"Statistics, General.",true,1,4,2,,
stats,144,106458,Arkansas State University,AR,27.0501,"Statistics, General.",true,1,3,2,,
stats,145,171571,Oakland University,MI,27.0501,"Statistics, General.",true,1,3,2,,
stats,146,185590,Montclair State University,NJ,27.0501,"Statistics, General.",true,1,3,3,,
stats,147,201885,University of Cincinnati-Main Campus,OH,27.0501,"Statistics, General.",true,1,3,3,,
stats,148,206604,Wright State University-Main Campus,OH,27.0501,"Statistics, General.",true,1,3,4,,
stats,149,225414,University of Houston-Clear Lake,TX,27.0501,"Statistics, General.",true,1,3,2,,
stats,150,129020,University of Connecticut,CT,27.0501,"Statistics, General.",true,1,2,5,,
stats,151,160755,Tulane University of Louisiana,LA,27.0501,"Statistics, General.",true,1,2,3,,
stats,152,199148,University of North Carolina at Greensboro,NC,27.0601,"Applied Statistics, General.",true,1,2,2,,
stats,153,196413,Syracuse University,NY,27.0501,"Statistics, General.",true,1,1,3,,
stats,154,209542,Oregon State University,OR,27.0599,"Statistics, Other.",true,0,31,2,,
stats,155,155317,University of Kansas,KS,27.0601,"Applied Statistics, General.",true,0,28,4,,
stats,156,190576,CUNY Graduate School and University Center,NY,27.0501,"Statistics, General.",true,0,23,2,,
stats,157,119605,National University,CA,27.0501,"Statistics, General.",true,0,21,1,,
stats,158,130943,University of Delaware,DE,27.0601,"Applied Statistics, General.",true,0,18,5,,
stats,159,171128,Michigan Technological University,MI,27.0601,"Applied Statistics, General.",true,0,17,2,,
stats,160,229027,The University of Texas at San Antonio,TX,27.0501,"Statistics, General.",true,0,16,3,,
stats,161,110565,California State University-Fullerton,CA,27.0501,"Statistics, General.",true,0,15,2,,
stats,162,187046,Thomas Edison State University,NJ,27.0599,"Statistics, Other.",true,0,14,1,,
stats,163,230038,Brigham Young University,UT,27.0501,"Statistics, General.",true,0,14,2,,
stats,164,100751,The University of Alabama,AL,27.0601,"Applied Statistics, General.",true,0,11,4,,
stats,165,170082,Grand Valley State University,MI,27.0501,"Statistics, General.",true,0,9,2,,
stats,166,126562,University of Colorado Denver/Anschutz Medical Campus,CO,27.0501,"Statistics, General.",true,0,8,3,,
stats,167,157085,University of Kentucky,KY,27.0601,"Applied Statistics, General.",true,0,6,3,,
stats,168,240329,University of Wisconsin-La Crosse,WI,27.0601,"Applied Statistics, General.",true,0,5,2,,
stats,169,178402,University of Missouri-Kansas City,MO,27.0501,"Statistics, General.",true,0,4,4,,
stats,170,216339,Temple University,PA,27.0501,"Statistics, General.",true,0,4,2,,
stats,171,156620,Eastern Kentucky University,KY,27.0503,Mathematics and Statistics.,true,0,3,1,,
stats,172,172644,Wayne State University,MI,27.0501,"Statistics, General.",true,0,3,2,,
stats,173,183044,University of New Hampshire-Main Campus,NH,27.0501,"Statistics, General.",true,0,3,4,,
stats,174,228246,Southern Methodist University,TX,27.0501,"Statistics, General.",true,0,3,4,,
stats,175,228431,Stephen F Austin State University,TX,27.0503,Mathematics and Statistics.,true,0,3,1,,
stats,176,239105,Marquette University,WI,27.0601,"Applied Statistics, General.",true,0,3,4,,
stats,177,161554,University of Southern Maine,ME,27.0501,"Statistics, General.",true,0,2,1,,
stats,178,191241,Fordham University,NY,27.0501,"Statistics, General.",true,0,2,5,,
stats,179,196079,Binghamton University,NY,27.0503,Mathematics and Statistics.,true,0,2,3,,
stats,180,110422,California Polytechnic State University-San Luis Obispo,CA,27.0501,"Statistics, General.",true,0,1,3,,
stats,181,112251,Claremont Graduate University,CA,27.0601,"Applied Statistics, General.",true,0,1,3,,
stats,182,200332,North Dakota State University-Main Campus,ND,27.0501,"Statistics, General.",true,0,1,2,,
stats,183,218663,University of South Carolina-Columbia,SC,27.0501,"Statistics, General.",true,0,1,3,,
stats,184,218663,University of South Carolina-Columbia,SC,27.0601,"Applied Statistics, General.",true,0,1,3,,
mgmt_sci,1,482705,Northeastern University Professional Programs,MA,52.1301,Management Science.,true,1013,1132,2,,
mgmt_sci,2,190150,Columbia University in the City of New York,NY,52.1399,"Management Sciences and Quantitative Methods, Other.",true,932,1621,5,,
mgmt_sci,3,198419,Duke University,NC,52.1399,"Management Sciences and Quantitative Methods, Other.",true,540,1062,4,pilot,
mgmt_sci,4,195030,University of Rochester,NY,52.1399,"Management Sciences and Quantitative Methods, Other.",true,517,631,3,pilot,
mgmt_sci,5,162928,Johns Hopkins University,MD,52.1302,Business Statistics.,true,493,578,3,pilot,
mgmt_sci,6,139755,Georgia Institute of Technology-Main Campus,GA,52.1399,"Management Sciences and Quantitative Methods, Other.",true,457,1403,3,,
mgmt_sci,7,144050,University of Chicago,IL,52.1301,Management Science.,true,439,1251,4,,
mgmt_sci,8,129941,University of New Haven,CT,52.1302,Business Statistics.,true,435,436,1,,
mgmt_sci,9,123961,University of Southern California,CA,52.1301,Management Science.,true,389,777,4,,
mgmt_sci,10,147767,Northwestern University,IL,52.1301,Management Science.,true,387,1617,3,,
mgmt_sci,11,166027,Harvard University,MA,52.1399,"Management Sciences and Quantitative Methods, Other.",true,371,1010,3,,
mgmt_sci,12,156541,University of the Cumberlands,KY,52.1399,"Management Sciences and Quantitative Methods, Other.",true,358,415,1,,
mgmt_sci,13,179867,Washington University in St Louis,MO,52.1302,Business Statistics.,true,342,351,3,pilot,
mgmt_sci,14,104151,Arizona State University Campus Immersion,AZ,52.1301,Management Science.,true,322,526,4,,
mgmt_sci,15,166683,Massachusetts Institute of Technology,MA,52.1301,Management Science.,true,305,701,2,,
mgmt_sci,16,446640,Harrisburg University of Science and Technology,PA,52.1301,Management Science.,true,289,302,2,,
mgmt_sci,17,145637,University of Illinois Urbana-Champaign,IL,52.1399,"Management Sciences and Quantitative Methods, Other.",true,287,1028,5,,
mgmt_sci,18,130253,Sacred Heart University,CT,52.1302,Business Statistics.,true,260,270,1,,
mgmt_sci,19,190415,Cornell University,NY,52.1301,Management Science.,true,240,286,3,,
mgmt_sci,20,164988,Boston University,MA,52.1399,"Management Sciences and Quantitative Methods, Other.",true,223,243,5,,
mgmt_sci,21,228787,The University of Texas at Dallas,TX,52.1301,Management Science.,true,222,247,4,,
mgmt_sci,22,243744,Stanford University,CA,52.1301,Management Science.,true,184,511,3,,
mgmt_sci,23,110662,University of California-Los Angeles,CA,52.1301,Management Science.,true,181,737,3,,
mgmt_sci,24,162928,Johns Hopkins University,MD,52.1399,"Management Sciences and Quantitative Methods, Other.",true,177,193,3,,
mgmt_sci,25,110635,University of California-Berkeley,CA,52.1301,Management Science.,true,175,583,3,,
mgmt_sci,26,130794,Yale University,CT,52.1301,Management Science.,true,163,186,3,,
mgmt_sci,27,191241,Fordham University,NY,52.1399,"Management Sciences and Quantitative Methods, Other.",true,145,220,5,,
mgmt_sci,28,167358,Northeastern University,MA,52.1302,Business Statistics.,true,145,153,2,,
mgmt_sci,29,110574,California State University-East Bay,CA,52.1301,Management Science.,true,143,153,3,,
mgmt_sci,30,193900,New York University,NY,52.1301,Management Science.,true,139,1134,5,,
mgmt_sci,31,146612,Lewis University,IL,52.1301,Management Science.,true,134,139,2,,
mgmt_sci,32,163286,University of Maryland-College Park,MD,52.1302,Business Statistics.,true,132,180,4,,
mgmt_sci,33,190512,CUNY Bernard M Baruch College,NY,52.1399,"Management Sciences and Quantitative Methods, Other.",true,127,213,3,,
mgmt_sci,34,240444,University of Wisconsin-Madison,WI,52.1399,"Management Sciences and Quantitative Methods, Other.",true,127,160,4,,
mgmt_sci,35,211440,Carnegie Mellon University,PA,52.1301,Management Science.,true,124,304,5,,
mgmt_sci,36,194091,New York Institute of Technology,NY,52.1301,Management Science.,true,124,149,1,,
mgmt_sci,37,110653,University of California-Irvine,CA,52.1301,Management Science.,true,122,188,3,,
mgmt_sci,38,110680,University of California-San Diego,CA,52.1399,"Management Sciences and Quantitative Methods, Other.",true,118,179,4,,
mgmt_sci,39,199120,University of North Carolina at Chapel Hill,NC,52.1301,Management Science.,true,113,954,3,,
mgmt_sci,40,139940,Georgia State University,GA,52.1399,"Management Sciences and Quantitative Methods, Other.",true,112,163,2,,
mgmt_sci,41,186867,Stevens Institute of Technology,NJ,52.1302,Business Statistics.,true,110,130,1,,
mgmt_sci,42,236948,University of Washington-Seattle Campus,WA,52.1301,Management Science.,true,109,129,3,,
mgmt_sci,43,145600,University of Illinois Chicago,IL,52.1301,Management Science.,true,108,120,3,,
mgmt_sci,44,194310,Pace University,NY,52.1399,"Management Sciences and Quantitative Methods, Other.",true,104,117,3,,
mgmt_sci,45,139658,Emory University,GA,52.1399,"Management Sciences and Quantitative Methods, Other.",true,102,128,2,,
mgmt_sci,46,186867,Stevens Institute of Technology,NJ,52.1399,"Management Sciences and Quantitative Methods, Other.",true,96,111,1,,
mgmt_sci,47,201885,University of Cincinnati-Main Campus,OH,52.1301,Management Science.,true,95,118,3,,
mgmt_sci,48,227757,Rice University,TX,52.1399,"Management Sciences and Quantitative Methods, Other.",true,90,539,4,,
mgmt_sci,49,212601,Gannon University,PA,52.1399,"Management Sciences and Quantitative Methods, Other.",true,88,105,1,,
mgmt_sci,50,190415,Cornell University,NY,52.1399,"Management Sciences and Quantitative Methods, Other.",true,88,94,3,,
mgmt_sci,51,128744,University of Bridgeport,CT,52.1301,Management Science.,true,87,94,1,,
mgmt_sci,52,213020,Indiana University of Pennsylvania-Main Campus,PA,52.1301,Management Science.,true,87,87,1,,
mgmt_sci,53,131469,George Washington University,DC,52.1301,Management Science.,true,83,103,3,,
mgmt_sci,54,196413,Syracuse University,NY,52.1399,"Management Sciences and Quantitative Methods, Other.",true,82,162,3,,
mgmt_sci,55,139658,Emory University,GA,52.1301,Management Science.,true,81,310,2,,
mgmt_sci,56,186399,Rutgers University-Newark,NJ,52.1399,"Management Sciences and Quantitative Methods, Other.",true,81,89,1,,
mgmt_sci,57,182670,Dartmouth College,NH,52.1301,Management Science.,true,80,122,1,,
mgmt_sci,58,164988,Boston University,MA,52.1301,Management Science.,true,80,104,5,,
mgmt_sci,59,228246,Southern Methodist University,TX,52.1301,Management Science.,true,79,524,4,,
mgmt_sci,60,165334,Clark University,MA,52.1301,Management Science.,true,79,86,1,,
mgmt_sci,61,157289,University of Louisville,KY,52.1399,"Management Sciences and Quantitative Methods, Other.",true,78,137,1,,
mgmt_sci,62,110662,University of California-Los Angeles,CA,52.1304,Actuarial Science.,true,78,89,3,,
mgmt_sci,63,183026,Southern New Hampshire University,NH,52.1399,"Management Sciences and Quantitative Methods, Other.",true,72,131,1,,
mgmt_sci,64,179867,Washington University in St Louis,MO,52.1301,Management Science.,true,72,98,3,,
mgmt_sci,65,110644,University of California-Davis,CA,52.1399,"Management Sciences and Quantitative Methods, Other.",true,71,88,3,,
mgmt_sci,66,236948,University of Washington-Seattle Campus,WA,52.1399,"Management Sciences and Quantitative Methods, Other.",true,69,105,3,,
mgmt_sci,67,122612,University of San Francisco,CA,52.1399,"Management Sciences and Quantitative Methods, Other.",true,68,84,2,,
mgmt_sci,68,243780,Purdue University-Main Campus,IN,52.1399,"Management Sciences and Quantitative Methods, Other.",true,65,105,3,,
mgmt_sci,69,168005,Suffolk University,MA,52.1301,Management Science.,true,62,83,1,,
mgmt_sci,70,185828,New Jersey Institute of Technology,NJ,52.1301,Management Science.,true,61,79,3,,
mgmt_sci,71,199847,Wake Forest University,NC,52.1301,Management Science.,true,60,140,3,,
mgmt_sci,72,215062,University of Pennsylvania,PA,52.1301,Management Science.,true,60,122,4,,
mgmt_sci,73,122931,Santa Clara University,CA,52.1301,Management Science.,true,60,110,1,,
mgmt_sci,74,179159,Saint Louis University,MO,52.1301,Management Science.,true,60,78,2,,
mgmt_sci,75,170976,University of Michigan-Ann Arbor,MI,52.1301,Management Science.,true,60,69,4,,
mgmt_sci,76,140951,Savannah College of Art and Design,GA,52.1399,"Management Sciences and Quantitative Methods, Other.",true,59,128,1,,
mgmt_sci,77,121150,Pepperdine University,CA,52.1301,Management Science.,true,59,108,1,,
mgmt_sci,78,166683,Massachusetts Institute of Technology,MA,52.1399,"Management Sciences and Quantitative Methods, Other.",true,58,78,2,,
mgmt_sci,79,126562,University of Colorado Denver/Anschutz Medical Campus,CO,52.1301,Management Science.,true,57,140,3,,
mgmt_sci,80,151351,Indiana University-Bloomington,IN,52.1399,"Management Sciences and Quantitative Methods, Other.",true,57,108,3,,
mgmt_sci,81,165015,Brandeis University,MA,52.1301,Management Science.,true,57,61,2,,
mgmt_sci,82,162928,Johns Hopkins University,MD,52.1301,Management Science.,true,55,522,3,,
mgmt_sci,83,110662,University of California-Los Angeles,CA,52.1399,"Management Sciences and Quantitative Methods, Other.",true,55,93,3,,
mgmt_sci,84,215929,University of Scranton,PA,52.1301,Management Science.,true,55,73,1,,
mgmt_sci,85,209542,Oregon State University,OR,52.1301,Management Science.,true,55,68,2,,
mgmt_sci,86,165334,Clark University,MA,52.1399,"Management Sciences and Quantitative Methods, Other.",true,55,62,1,,
mgmt_sci,87,104717,Grand Canyon University,AZ,52.1301,Management Science.,true,54,103,2,,
mgmt_sci,88,156125,Wichita State University,KS,52.1301,Management Science.,true,53,55,3,,
mgmt_sci,89,163286,University of Maryland-College Park,MD,52.1399,"Management Sciences and Quantitative Methods, Other.",true,52,112,4,,
mgmt_sci,90,131159,American University,DC,52.1301,Management Science.,true,52,88,5,,
mgmt_sci,91,243780,Purdue University-Main Campus,IN,52.1301,Management Science.,true,52,74,3,,
mgmt_sci,92,152080,University of Notre Dame,IN,52.1399,"Management Sciences and Quantitative Methods, Other.",true,51,202,2,,
mgmt_sci,93,214777,Pennsylvania State University-Main Campus,PA,52.1399,"Management Sciences and Quantitative Methods, Other.",true,51,173,3,,
mgmt_sci,94,196088,University at Buffalo,NY,52.1301,Management Science.,true,51,81,2,,
mgmt_sci,95,199139,University of North Carolina at Charlotte,NC,52.1399,"Management Sciences and Quantitative Methods, Other.",true,50,113,2,,
mgmt_sci,96,215062,University of Pennsylvania,PA,52.1399,"Management Sciences and Quantitative Methods, Other.",true,50,80,4,,
mgmt_sci,97,100706,University of Alabama in Huntsville,AL,52.1301,Management Science.,true,49,58,1,,
mgmt_sci,98,145336,Governors State University,IL,52.1301,Management Science.,true,47,51,1,,
mgmt_sci,99,110671,University of California-Riverside,CA,52.1399,"Management Sciences and Quantitative Methods, Other.",true,46,64,3,,
mgmt_sci,100,186399,Rutgers University-Newark,NJ,52.1301,Management Science.,true,45,74,1,,
mgmt_sci,101,233541,Shenandoah University,VA,52.1301,Management Science.,true,43,101,1,,
mgmt_sci,102,171100,Michigan State University,MI,52.1302,Business Statistics.,true,42,105,3,,
mgmt_sci,103,156541,University of the Cumberlands,KY,52.1301,Management Science.,true,42,64,1,,
mgmt_sci,104,145600,University of Illinois Chicago,IL,52.1399,"Management Sciences and Quantitative Methods, Other.",true,42,46,3,,
mgmt_sci,105,230764,University of Utah,UT,52.1301,Management Science.,true,39,71,2,,
mgmt_sci,106,207388,Oklahoma State University-Main Campus,OK,52.1302,Business Statistics.,true,39,60,2,,
mgmt_sci,107,199847,Wake Forest University,NC,52.1399,"Management Sciences and Quantitative Methods, Other.",true,38,108,3,,
mgmt_sci,108,140447,Mercer University,GA,52.1301,Management Science.,true,38,55,1,,
mgmt_sci,109,171492,Northwood University,MI,52.1302,Business Statistics.,true,38,49,1,,
mgmt_sci,110,123961,University of Southern California,CA,52.1302,Business Statistics.,true,38,42,4,,
mgmt_sci,111,214777,Pennsylvania State University-Main Campus,PA,52.1301,Management Science.,true,37,50,3,,
mgmt_sci,112,147767,Northwestern University,IL,52.1399,"Management Sciences and Quantitative Methods, Other.",true,37,46,3,,
mgmt_sci,113,168005,Suffolk University,MA,52.1302,Business Statistics.,true,37,46,1,,
mgmt_sci,114,228778,The University of Texas at Austin,TX,52.1301,Management Science.,true,37,39,5,,
mgmt_sci,115,110680,University of California-San Diego,CA,52.1301,Management Science.,true,36,109,4,,
mgmt_sci,116,110653,University of California-Irvine,CA,52.1399,"Management Sciences and Quantitative Methods, Other.",true,36,77,3,,
mgmt_sci,117,168005,Suffolk University,MA,52.1399,"Management Sciences and Quantitative Methods, Other.",true,36,52,1,,
mgmt_sci,118,188429,Adelphi University,NY,52.1301,Management Science.,true,36,38,1,,
mgmt_sci,119,190150,Columbia University in the City of New York,NY,52.1302,Business Statistics.,true,36,38,5,,
mgmt_sci,120,171100,Michigan State University,MI,52.1399,"Management Sciences and Quantitative Methods, Other.",true,34,104,3,,
mgmt_sci,121,151290,Indiana Institute of Technology,IN,52.1301,Management Science.,true,34,35,1,,
mgmt_sci,122,156125,Wichita State University,KS,52.1399,"Management Sciences and Quantitative Methods, Other.",true,34,35,3,,
mgmt_sci,123,191649,Hofstra University,NY,52.1301,Management Science.,true,33,181,1,,
mgmt_sci,124,126614,University of Colorado Boulder,CO,52.1302,Business Statistics.,true,33,83,1,,
mgmt_sci,125,160755,Tulane University of Louisiana,LA,52.1301,Management Science.,true,33,49,3,,
mgmt_sci,126,123961,University of Southern California,CA,52.1399,"Management Sciences and Quantitative Methods, Other.",true,32,135,4,,
mgmt_sci,127,131469,George Washington University,DC,52.1399,"Management Sciences and Quantitative Methods, Other.",true,32,66,3,,
mgmt_sci,128,166638,University of Massachusetts-Boston,MA,52.1301,Management Science.,true,32,47,2,,
mgmt_sci,129,145725,Illinois Institute of Technology,IL,52.1301,Management Science.,true,32,38,2,,
mgmt_sci,130,186432,Saint Peter's University,NJ,52.1301,Management Science.,true,32,34,4,,
mgmt_sci,131,186380,Rutgers University-New Brunswick,NJ,52.1301,Management Science.,true,31,106,3,,
mgmt_sci,132,215770,Saint Joseph's University - Philadelphia,PA,52.1301,Management Science.,true,31,82,1,,
mgmt_sci,133,164739,Bentley University,MA,52.1302,Business Statistics.,true,31,55,1,,
mgmt_sci,134,135726,University of Miami,FL,52.1399,"Management Sciences and Quantitative Methods, Other.",true,30,119,1,,
mgmt_sci,135,122612,University of San Francisco,CA,52.1301,Management Science.,true,30,30,2,,
mgmt_sci,136,144740,DePaul University,IL,52.1301,Management Science.,true,29,53,4,,
mgmt_sci,137,164270,McDaniel College,MD,52.1301,Management Science.,true,29,53,1,,
mgmt_sci,138,122409,San Diego State University,CA,52.1301,Management Science.,true,29,41,2,,
mgmt_sci,139,146612,Lewis University,IL,52.1399,"Management Sciences and Quantitative Methods, Other.",true,29,35,2,,
mgmt_sci,140,231624,William & Mary,VA,52.1301,Management Science.,true,28,104,1,,
mgmt_sci,141,236595,Seattle University,WA,52.1301,Management Science.,true,28,59,1,,
mgmt_sci,142,110705,University of California-Santa Barbara,CA,52.1301,Management Science.,true,28,43,4,,
mgmt_sci,143,234076,University of Virginia-Main Campus,VA,52.1399,"Management Sciences and Quantitative Methods, Other.",true,27,119,4,,
mgmt_sci,144,129525,University of Hartford,CT,52.1302,Business Statistics.,true,27,45,1,,
mgmt_sci,145,139940,Georgia State University,GA,52.1304,Actuarial Science.,true,27,30,2,,
mgmt_sci,146,201645,Case Western Reserve University,OH,52.1301,Management Science.,true,27,30,2,,
mgmt_sci,147,126818,Colorado State University-Fort Collins,CO,52.1399,"Management Sciences and Quantitative Methods, Other.",true,26,281,3,,
mgmt_sci,148,216339,Temple University,PA,52.1399,"Management Sciences and Quantitative Methods, Other.",true,26,61,2,,
mgmt_sci,149,139755,Georgia Institute of Technology-Main Campus,GA,52.1301,Management Science.,true,25,211,3,,
mgmt_sci,150,171137,University of Michigan-Dearborn,MI,52.1301,Management Science.,true,25,32,1,,
mgmt_sci,151,163286,University of Maryland-College Park,MD,52.1301,Management Science.,true,24,326,4,,
mgmt_sci,152,132471,Barry University,FL,52.1399,"Management Sciences and Quantitative Methods, Other.",true,24,171,1,,
mgmt_sci,153,160755,Tulane University of Louisiana,LA,52.1399,"Management Sciences and Quantitative Methods, Other.",true,24,108,3,,
mgmt_sci,154,195003,Rochester Institute of Technology,NY,52.1399,"Management Sciences and Quantitative Methods, Other.",true,24,92,3,,
mgmt_sci,155,377564,University of Washington-Tacoma Campus,WA,52.1399,"Management Sciences and Quantitative Methods, Other.",true,24,47,1,,
mgmt_sci,156,207324,Oklahoma Christian University,OK,52.1301,Management Science.,true,24,41,1,,
mgmt_sci,157,191649,Hofstra University,NY,52.1302,Business Statistics.,true,24,31,1,,
mgmt_sci,158,206941,University of Central Oklahoma,OK,52.1302,Business Statistics.,true,24,31,1,,
mgmt_sci,159,145725,Illinois Institute of Technology,IL,52.1399,"Management Sciences and Quantitative Methods, Other.",true,24,30,2,,
mgmt_sci,160,110644,University of California-Davis,CA,52.1301,Management Science.,true,23,351,3,,
mgmt_sci,161,199218,University of North Carolina Wilmington,NC,52.1301,Management Science.,true,23,304,2,,
mgmt_sci,162,139959,University of Georgia,GA,52.1301,Management Science.,true,23,106,3,,
mgmt_sci,163,131113,Wilmington University,DE,52.1302,Business Statistics.,true,23,57,1,,
mgmt_sci,164,127060,University of Denver,CO,52.1302,Business Statistics.,true,23,46,1,,
mgmt_sci,165,225511,University of Houston,TX,52.1301,Management Science.,true,22,44,4,,
mgmt_sci,166,216339,Temple University,PA,52.1302,Business Statistics.,true,22,40,2,,
mgmt_sci,167,224323,University of Dallas,TX,52.1301,Management Science.,true,22,35,1,,
mgmt_sci,168,129020,University of Connecticut,CT,52.1399,"Management Sciences and Quantitative Methods, Other.",true,22,23,5,,
mgmt_sci,169,106458,Arkansas State University,AR,52.1301,Management Science.,true,21,162,2,,
mgmt_sci,170,153658,University of Iowa,IA,52.1399,"Management Sciences and Quantitative Methods, Other.",true,21,119,3,,
mgmt_sci,171,106397,University of Arkansas,AR,52.1301,Management Science.,true,21,73,3,,
mgmt_sci,172,166513,University of Massachusetts-Lowell,MA,52.1301,Management Science.,true,21,36,1,,
mgmt_sci,173,130943,University of Delaware,DE,52.1399,"Management Sciences and Quantitative Methods, Other.",true,21,23,5,,
mgmt_sci,174,135726,University of Miami,FL,52.1302,Business Statistics.,true,20,46,1,,
mgmt_sci,175,167987,University of Massachusetts-Dartmouth,MA,52.1399,"Management Sciences and Quantitative Methods, Other.",true,20,27,2,,
mgmt_sci,176,104179,University of Arizona,AZ,52.1399,"Management Sciences and Quantitative Methods, Other.",true,19,102,4,,
mgmt_sci,177,195003,Rochester Institute of Technology,NY,52.1301,Management Science.,true,19,30,3,,
mgmt_sci,178,122597,San Francisco State University,CA,52.1301,Management Science.,true,19,26,3,,
mgmt_sci,179,188429,Adelphi University,NY,52.1302,Business Statistics.,true,19,25,1,,
mgmt_sci,180,193016,Mercy University,NY,52.1399,"Management Sciences and Quantitative Methods, Other.",true,19,20,1,,
mgmt_sci,181,199193,North Carolina State University at Raleigh,NC,52.1301,Management Science.,true,18,298,3,,
mgmt_sci,182,204796,Ohio State University-Main Campus,OH,52.1301,Management Science.,true,18,72,3,,
mgmt_sci,183,186399,Rutgers University-Newark,NJ,52.1302,Business Statistics.,true,18,48,1,,
mgmt_sci,184,115083,Golden Gate University,CA,52.1302,Business Statistics.,true,18,42,2,,
mgmt_sci,185,174914,University of St Thomas,MN,52.1302,Business Statistics.,true,18,42,1,,
mgmt_sci,186,203517,Kent State University at Kent,OH,52.1301,Management Science.,true,18,20,4,,
mgmt_sci,187,174066,University of Minnesota-Twin Cities,MN,52.1301,Management Science.,true,17,47,5,,
mgmt_sci,188,224226,Dallas Baptist University,TX,52.1301,Management Science.,true,17,30,1,,
mgmt_sci,189,230038,Brigham Young University,UT,52.1399,"Management Sciences and Quantitative Methods, Other.",true,17,22,2,,
mgmt_sci,190,190150,Columbia University in the City of New York,NY,52.1304,Actuarial Science.,true,17,18,5,,
mgmt_sci,191,240453,University of Wisconsin-Milwaukee,WI,52.1399,"Management Sciences and Quantitative Methods, Other.",true,16,125,4,,
mgmt_sci,192,221999,Vanderbilt University,TN,52.1399,"Management Sciences and Quantitative Methods, Other.",true,16,77,2,,
mgmt_sci,193,202480,University of Dayton,OH,52.1301,Management Science.,true,16,38,1,,
mgmt_sci,194,110529,California State Polytechnic University-Pomona,CA,52.1301,Management Science.,true,16,35,1,,
mgmt_sci,195,149222,Southern Illinois University-Carbondale,IL,52.1399,"Management Sciences and Quantitative Methods, Other.",true,16,33,2,,
mgmt_sci,196,196413,Syracuse University,NY,52.1301,Management Science.,true,16,32,3,,
mgmt_sci,197,193900,New York University,NY,52.1399,"Management Sciences and Quantitative Methods, Other.",true,16,25,5,,
mgmt_sci,198,167987,University of Massachusetts-Dartmouth,MA,52.1302,Business Statistics.,true,16,22,2,,
mgmt_sci,199,236595,Seattle University,WA,52.1399,"Management Sciences and Quantitative Methods, Other.",true,16,22,1,,
mgmt_sci,200,164988,Boston University,MA,52.1304,Actuarial Science.,true,16,19,5,,
mgmt_sci,201,171100,Michigan State University,MI,52.1301,Management Science.,true,16,19,3,,
mgmt_sci,202,146719,Loyola University Chicago,IL,52.1301,Management Science.,true,15,113,3,,
mgmt_sci,203,170976,University of Michigan-Ann Arbor,MI,52.1302,Business Statistics.,true,15,48,4,,
mgmt_sci,204,164924,Boston College,MA,52.1301,Management Science.,true,15,32,3,,
mgmt_sci,205,191649,Hofstra University,NY,52.1399,"Management Sciences and Quantitative Methods, Other.",true,15,26,1,,
mgmt_sci,206,200332,North Dakota State University-Main Campus,ND,52.1301,Management Science.,true,15,19,2,,
mgmt_sci,207,161253,University of Maine,ME,52.1301,Management Science.,true,14,153,3,,
mgmt_sci,208,185590,Montclair State University,NJ,52.1301,Management Science.,true,14,57,3,,
mgmt_sci,209,136215,Nova Southeastern University,FL,52.1301,Management Science.,true,14,39,1,,
mgmt_sci,210,221999,Vanderbilt University,TN,52.1301,Management Science.,true,14,24,2,,
mgmt_sci,211,214607,Pennsylvania State University-Penn State Great Valley,PA,52.1399,"Management Sciences and Quantitative Methods, Other.",true,14,16,1,,
mgmt_sci,212,128744,University of Bridgeport,CT,52.1399,"Management Sciences and Quantitative Methods, Other.",true,14,15,1,,
mgmt_sci,213,221759,The University of Tennessee-Knoxville,TN,52.1301,Management Science.,true,13,235,3,,
mgmt_sci,214,483124,Arizona State University Digital Immersion,AZ,52.1301,Management Science.,true,13,147,2,,
mgmt_sci,215,186371,Rutgers University-Camden,NJ,52.1301,Management Science.,true,13,47,1,,
mgmt_sci,216,195809,St. John's University-New York,NY,52.1301,Management Science.,true,13,28,1,,
mgmt_sci,217,145637,University of Illinois Urbana-Champaign,IL,52.1304,Actuarial Science.,true,13,15,5,,
mgmt_sci,218,185828,New Jersey Institute of Technology,NJ,52.1399,"Management Sciences and Quantitative Methods, Other.",true,12,94,3,,
mgmt_sci,219,133951,Florida International University,FL,52.1301,Management Science.,true,12,26,3,,
mgmt_sci,220,133881,Florida Institute of Technology,FL,52.1399,"Management Sciences and Quantitative Methods, Other.",true,12,23,1,,
mgmt_sci,221,155317,University of Kansas,KS,52.1301,Management Science.,true,12,22,4,,
mgmt_sci,222,173665,Hamline University,MN,52.1301,Management Science.,true,12,22,1,,
mgmt_sci,223,110583,California State University-Long Beach,CA,52.1399,"Management Sciences and Quantitative Methods, Other.",true,12,19,3,,
mgmt_sci,224,106245,University of Arkansas at Little Rock,AR,52.1301,Management Science.,true,12,15,1,,
mgmt_sci,225,151351,Indiana University-Bloomington,IN,52.1302,Business Statistics.,true,11,38,3,,
mgmt_sci,226,212106,Duquesne University,PA,52.1399,"Management Sciences and Quantitative Methods, Other.",true,11,37,1,,
mgmt_sci,227,194824,Rensselaer Polytechnic Institute,NY,52.1302,Business Statistics.,true,11,25,2,,
mgmt_sci,228,198516,Elon University,NC,52.1301,Management Science.,true,11,23,1,,
mgmt_sci,229,184603,Fairleigh Dickinson University-Metropolitan Campus,NJ,52.1399,"Management Sciences and Quantitative Methods, Other.",true,11,12,1,,
mgmt_sci,230,215293,University of Pittsburgh-Pittsburgh Campus,PA,52.1301,Management Science.,true,11,12,4,,
mgmt_sci,231,230038,Brigham Young University,UT,52.1301,Management Science.,true,10,153,2,,
mgmt_sci,232,152080,University of Notre Dame,IN,52.1301,Management Science.,true,10,71,2,,
mgmt_sci,233,110422,California Polytechnic State University-San Luis Obispo,CA,52.1301,Management Science.,true,10,51,3,,
mgmt_sci,234,164739,Bentley University,MA,52.1399,"Management Sciences and Quantitative Methods, Other.",true,10,49,1,,
mgmt_sci,235,157085,University of Kentucky,KY,52.1399,"Management Sciences and Quantitative Methods, Other.",true,10,21,3,,
mgmt_sci,236,171571,Oakland University,MI,52.1301,Management Science.,true,10,19,2,,
mgmt_sci,237,240444,University of Wisconsin-Madison,WI,52.1301,Management Science.,true,10,19,4,,
mgmt_sci,238,178420,University of Missouri-St Louis,MO,52.1301,Management Science.,true,10,15,2,,
mgmt_sci,239,159391,Louisiana State University and Agricultural & Mechanical College,LA,52.1301,Management Science.,true,9,295,3,,
mgmt_sci,240,131496,Georgetown University,DC,52.1399,"Management Sciences and Quantitative Methods, Other.",true,9,132,3,,
mgmt_sci,241,129242,Fairfield University,CT,52.1302,Business Statistics.,true,9,37,3,,
mgmt_sci,242,127060,University of Denver,CO,52.1399,"Management Sciences and Quantitative Methods, Other.",true,9,35,1,,
mgmt_sci,243,172644,Wayne State University,MI,52.1301,Management Science.,true,9,31,2,,
mgmt_sci,244,218663,University of South Carolina-Columbia,SC,52.1302,Business Statistics.,true,9,22,3,,
mgmt_sci,245,117946,Loyola Marymount University,CA,52.1301,Management Science.,true,9,20,1,,
mgmt_sci,246,106704,University of Central Arkansas,AR,52.1301,Management Science.,true,9,17,1,,
mgmt_sci,247,206048,Tiffin University,OH,52.1399,"Management Sciences and Quantitative Methods, Other.",true,9,17,1,,
mgmt_sci,248,225399,Houston Christian University,TX,52.1301,Management Science.,true,9,13,1,,
mgmt_sci,249,186432,Saint Peter's University,NJ,52.1399,"Management Sciences and Quantitative Methods, Other.",true,9,11,4,,
mgmt_sci,250,213826,Marywood University,PA,52.1301,Management Science.,true,9,11,1,,
mgmt_sci,251,192271,LIM College,NY,52.1302,Business Statistics.,true,9,10,1,,
mgmt_sci,252,202763,The University of Findlay,OH,52.1302,Business Statistics.,true,9,9,1,,
mgmt_sci,253,131496,Georgetown University,DC,52.1301,Management Science.,true,8,151,3,,
mgmt_sci,254,221759,The University of Tennessee-Knoxville,TN,52.1399,"Management Sciences and Quantitative Methods, Other.",true,8,100,3,,
mgmt_sci,255,172608,Walsh College,MI,52.1301,Management Science.,true,8,42,2,,
mgmt_sci,256,146719,Loyola University Chicago,IL,52.1399,"Management Sciences and Quantitative Methods, Other.",true,8,24,3,,
mgmt_sci,257,137032,Saint Leo University,FL,52.1301,Management Science.,true,8,20,1,,
mgmt_sci,258,144740,DePaul University,IL,52.1399,"Management Sciences and Quantitative Methods, Other.",true,8,15,4,,
mgmt_sci,259,207971,University of Tulsa,OK,52.1302,Business Statistics.,true,8,14,1,,
mgmt_sci,260,110468,Alliant International University-San Diego,CA,52.1301,Management Science.,true,8,8,1,,
mgmt_sci,261,104151,Arizona State University Campus Immersion,AZ,52.1399,"Management Sciences and Quantitative Methods, Other.",true,7,57,4,,
mgmt_sci,262,212054,Drexel University,PA,52.1399,"Management Sciences and Quantitative Methods, Other.",true,7,46,4,,
mgmt_sci,263,228875,Texas Christian University,TX,52.1399,"Management Sciences and Quantitative Methods, Other.",true,7,44,2,,
mgmt_sci,264,221759,The University of Tennessee-Knoxville,TN,52.1302,Business Statistics.,true,7,39,3,,
mgmt_sci,265,151263,University of Indianapolis,IN,52.1399,"Management Sciences and Quantitative Methods, Other.",true,7,27,1,,
mgmt_sci,266,113698,Dominican University of California,CA,52.1302,Business Statistics.,true,7,15,1,,
mgmt_sci,267,212106,Duquesne University,PA,52.1301,Management Science.,true,7,12,1,,
mgmt_sci,268,206084,University of Toledo,OH,52.1302,Business Statistics.,true,7,9,2,,
mgmt_sci,269,150136,Ball State University,IN,52.1304,Actuarial Science.,true,7,8,2,,
mgmt_sci,270,212054,Drexel University,PA,52.1301,Management Science.,true,6,100,4,,
mgmt_sci,271,207971,University of Tulsa,OK,52.1301,Management Science.,true,6,56,1,,
mgmt_sci,272,194824,Rensselaer Polytechnic Institute,NY,52.1399,"Management Sciences and Quantitative Methods, Other.",true,6,48,2,,
mgmt_sci,273,157809,Thomas More University,KY,52.1301,Management Science.,true,6,28,1,,
mgmt_sci,274,145813,Illinois State University,IL,52.1399,"Management Sciences and Quantitative Methods, Other.",true,6,21,2,,
mgmt_sci,275,110370,California College of the Arts,CA,52.1301,Management Science.,true,6,17,1,,
mgmt_sci,276,209825,University of Portland,OR,52.1301,Management Science.,true,6,17,1,,
mgmt_sci,277,494551,IE New York College,NY,52.1301,Management Science.,true,6,12,1,,
mgmt_sci,278,137847,The University of Tampa,FL,52.1301,Management Science.,true,6,10,1,,
mgmt_sci,279,170675,Lawrence Technological University,MI,52.1302,Business Statistics.,true,6,6,1,,
mgmt_sci,280,214713,Pennsylvania State University-Penn State Harrisburg,PA,52.1399,"Management Sciences and Quantitative Methods, Other.",true,6,6,1,,
mgmt_sci,281,196079,Binghamton University,NY,52.1301,Management Science.,true,5,238,3,,
mgmt_sci,282,479956,Pennsylvania State University-World Campus,PA,52.1399,"Management Sciences and Quantitative Methods, Other.",true,5,146,2,,
mgmt_sci,283,155681,Pittsburg State University,KS,52.1399,"Management Sciences and Quantitative Methods, Other.",true,5,119,1,,
mgmt_sci,284,176017,University of Mississippi,MS,52.1301,Management Science.,true,5,106,3,,
mgmt_sci,285,111948,Chapman University,CA,52.1301,Management Science.,true,5,52,2,,
mgmt_sci,286,164076,Towson University,MD,52.1399,"Management Sciences and Quantitative Methods, Other.",true,5,45,1,,
mgmt_sci,287,207971,University of Tulsa,OK,52.1399,"Management Sciences and Quantitative Methods, Other.",true,5,19,1,,
mgmt_sci,288,195809,St. John's University-New York,NY,52.1399,"Management Sciences and Quantitative Methods, Other.",true,5,16,1,,
mgmt_sci,289,227863,University of St Thomas,TX,52.1399,"Management Sciences and Quantitative Methods, Other.",true,5,15,1,,
mgmt_sci,290,145619,Benedictine University,IL,52.1399,"Management Sciences and Quantitative Methods, Other.",true,5,9,1,,
mgmt_sci,291,146719,Loyola University Chicago,IL,52.1302,Business Statistics.,true,5,9,3,,
mgmt_sci,292,153658,University of Iowa,IA,52.1304,Actuarial Science.,true,5,7,3,,
mgmt_sci,293,216339,Temple University,PA,52.1301,Management Science.,true,5,7,2,,
mgmt_sci,294,204796,Ohio State University-Main Campus,OH,52.1304,Actuarial Science.,true,5,6,3,,
mgmt_sci,295,186283,Rider University,NJ,52.1399,"Management Sciences and Quantitative Methods, Other.",true,5,5,1,,
mgmt_sci,296,196592,Touro University,NY,52.1301,Management Science.,true,5,5,1,,
mgmt_sci,297,149231,Southern Illinois University Edwardsville,IL,52.1399,"Management Sciences and Quantitative Methods, Other.",true,4,192,1,,
mgmt_sci,298,192703,Manhattan University,NY,52.1301,Management Science.,true,4,60,1,,
mgmt_sci,299,101189,Faulkner University,AL,52.1301,Management Science.,true,4,58,1,,
mgmt_sci,300,178402,University of Missouri-Kansas City,MO,52.1399,"Management Sciences and Quantitative Methods, Other.",true,4,27,4,,
mgmt_sci,301,186584,Seton Hall University,NJ,52.1399,"Management Sciences and Quantitative Methods, Other.",true,4,27,3,,
mgmt_sci,302,126614,University of Colorado Boulder,CO,52.1301,Management Science.,true,4,19,1,,
mgmt_sci,303,221740,The University of Tennessee-Chattanooga,TN,52.1301,Management Science.,true,4,19,1,,
mgmt_sci,304,185129,New Jersey City University,NJ,52.1301,Management Science.,true,4,9,1,,
mgmt_sci,305,110705,University of California-Santa Barbara,CA,52.1304,Actuarial Science.,true,4,6,4,,
mgmt_sci,306,213543,Lehigh University,PA,52.1301,Management Science.,true,4,5,5,,
mgmt_sci,307,112251,Claremont Graduate University,CA,52.1301,Management Science.,true,4,4,3,,
mgmt_sci,308,120184,Notre Dame de Namur University,CA,52.1301,Management Science.,true,4,4,1,,
mgmt_sci,309,130989,Goldey-Beacom College,DE,52.1301,Management Science.,true,4,4,2,,
mgmt_sci,310,169983,Kettering University,MI,52.1301,Management Science.,true,4,4,1,,
mgmt_sci,311,446640,Harrisburg University of Science and Technology,PA,52.1399,"Management Sciences and Quantitative Methods, Other.",true,4,4,2,,
mgmt_sci,312,163204,University of Maryland Global Campus,MD,52.1302,Business Statistics.,true,3,83,1,,
mgmt_sci,313,134097,Florida State University,FL,52.1301,Management Science.,true,3,82,5,,
mgmt_sci,314,192448,Long Island University,NY,52.1399,"Management Sciences and Quantitative Methods, Other.",true,3,54,2,,
mgmt_sci,315,190415,Cornell University,NY,52.1302,Business Statistics.,true,3,52,3,,
mgmt_sci,316,217165,Bryant University,RI,52.1301,Management Science.,true,3,51,1,,
mgmt_sci,317,204024,Miami University-Oxford,OH,52.1302,Business Statistics.,true,3,35,3,,
mgmt_sci,318,214713,Pennsylvania State University-Penn State Harrisburg,PA,52.1301,Management Science.,true,3,29,1,,
mgmt_sci,319,137351,University of South Florida,FL,52.1399,"Management Sciences and Quantitative Methods, Other.",true,3,28,2,,
mgmt_sci,320,181002,Creighton University,NE,52.1301,Management Science.,true,3,27,1,,
mgmt_sci,321,155399,Kansas State University,KS,52.1301,Management Science.,true,3,18,3,,
mgmt_sci,322,153603,Iowa State University,IA,52.1399,"Management Sciences and Quantitative Methods, Other.",true,3,17,2,,
mgmt_sci,323,117946,Loyola Marymount University,CA,52.1399,"Management Sciences and Quantitative Methods, Other.",true,3,16,1,,
mgmt_sci,324,100751,The University of Alabama,AL,52.1301,Management Science.,true,3,15,4,,
mgmt_sci,325,207041,East Central University,OK,52.1301,Management Science.,true,3,15,1,,
mgmt_sci,326,228787,The University of Texas at Dallas,TX,52.1399,"Management Sciences and Quantitative Methods, Other.",true,3,14,4,,
mgmt_sci,327,180461,Montana State University,MT,52.1399,"Management Sciences and Quantitative Methods, Other.",true,3,13,3,,
mgmt_sci,328,123554,Saint Mary's College of California,CA,52.1399,"Management Sciences and Quantitative Methods, Other.",true,3,7,2,,
mgmt_sci,329,202480,University of Dayton,OH,52.1399,"Management Sciences and Quantitative Methods, Other.",true,3,5,1,,
mgmt_sci,330,211440,Carnegie Mellon University,PA,52.1399,"Management Sciences and Quantitative Methods, Other.",true,3,5,5,,
mgmt_sci,331,115083,Golden Gate University,CA,52.1399,"Management Sciences and Quantitative Methods, Other.",true,3,4,2,,
mgmt_sci,332,122436,University of San Diego,CA,52.1301,Management Science.,true,3,4,3,,
mgmt_sci,333,168148,Tufts University,MA,52.1399,"Management Sciences and Quantitative Methods, Other.",true,3,4,4,,
mgmt_sci,334,195809,St. John's University-New York,NY,52.1302,Business Statistics.,true,3,4,1,,
mgmt_sci,335,493512,San Diego Global Knowledge University,CA,52.1399,"Management Sciences and Quantitative Methods, Other.",true,3,4,1,,
mgmt_sci,336,181464,University of Nebraska-Lincoln,NE,52.1304,Actuarial Science.,true,3,3,4,,
mgmt_sci,337,194091,New York Institute of Technology,NY,52.1304,Actuarial Science.,true,3,3,1,,
mgmt_sci,338,449870,University of the West,CA,52.1302,Business Statistics.,true,3,3,1,,
mgmt_sci,339,185590,Montclair State University,NJ,52.1399,"Management Sciences and Quantitative Methods, Other.",true,2,159,3,,
mgmt_sci,340,130253,Sacred Heart University,CT,52.1399,"Management Sciences and Quantitative Methods, Other.",true,2,69,1,,
mgmt_sci,341,199218,University of North Carolina Wilmington,NC,52.1399,"Management Sciences and Quantitative Methods, Other.",true,2,57,2,,
mgmt_sci,342,181464,University of Nebraska-Lincoln,NE,52.1399,"Management Sciences and Quantitative Methods, Other.",true,2,48,4,,
mgmt_sci,343,147703,Northern Illinois University,IL,52.1301,Management Science.,true,2,40,3,,
mgmt_sci,344,139959,University of Georgia,GA,52.1302,Business Statistics.,true,2,30,3,,
mgmt_sci,345,201195,Baldwin Wallace University,OH,52.1301,Management Science.,true,2,22,1,,
mgmt_sci,346,164632,Bay Path University,MA,52.1302,Business Statistics.,true,2,18,1,,
mgmt_sci,347,224554,East Texas A&M University,TX,52.1301,Management Science.,true,2,16,2,,
mgmt_sci,348,106458,Arkansas State University,AR,52.1399,"Management Sciences and Quantitative Methods, Other.",true,2,14,2,,
mgmt_sci,349,144962,Elmhurst University,IL,52.1399,"Management Sciences and Quantitative Methods, Other.",true,2,13,1,,
mgmt_sci,350,180489,The University of Montana,MT,52.1301,Management Science.,true,2,12,1,,
mgmt_sci,351,445188,University of California-Merced,CA,52.1399,"Management Sciences and Quantitative Methods, Other.",true,2,12,2,,
mgmt_sci,352,238661,Edgewood College,WI,52.1399,"Management Sciences and Quantitative Methods, Other.",true,2,11,1,,
mgmt_sci,353,177144,Culver-Stockton College,MO,52.1301,Management Science.,true,2,10,1,,
mgmt_sci,354,134945,Jacksonville University,FL,52.1301,Management Science.,true,2,8,1,,
mgmt_sci,355,151263,University of Indianapolis,IN,52.1301,Management Science.,true,2,6,1,,
mgmt_sci,356,168421,Worcester Polytechnic Institute,MA,52.1301,Management Science.,true,2,6,4,,
mgmt_sci,357,185129,New Jersey City University,NJ,52.1399,"Management Sciences and Quantitative Methods, Other.",true,2,6,1,,
mgmt_sci,358,189705,Canisius University,NY,52.1302,Business Statistics.,true,2,6,1,,
mgmt_sci,359,200800,University of Akron Main Campus,OH,52.1301,Management Science.,true,2,6,3,,
mgmt_sci,360,112251,Claremont Graduate University,CA,52.1399,"Management Sciences and Quantitative Methods, Other.",true,2,5,3,,
mgmt_sci,361,195809,St. John's University-New York,NY,52.1304,Actuarial Science.,true,2,5,1,,
mgmt_sci,362,166391,Lasell University,MA,52.1301,Management Science.,true,2,4,1,,
mgmt_sci,363,172699,Western Michigan University,MI,52.1399,"Management Sciences and Quantitative Methods, Other.",true,2,4,3,,
mgmt_sci,364,228459,Texas State University,TX,52.1399,"Management Sciences and Quantitative Methods, Other.",true,2,3,2,,
mgmt_sci,365,122755,San Jose State University,CA,52.1301,Management Science.,true,2,2,4,,
mgmt_sci,366,178396,University of Missouri-Columbia,MO,52.1399,"Management Sciences and Quantitative Methods, Other.",true,1,173,3,,
mgmt_sci,367,131496,Georgetown University,DC,52.1302,Business Statistics.,true,1,99,3,,
mgmt_sci,368,137546,Stetson University,FL,52.1301,Management Science.,true,1,71,1,,
mgmt_sci,369,234076,University of Virginia-Main Campus,VA,52.1301,Management Science.,true,1,56,4,,
mgmt_sci,370,147703,Northern Illinois University,IL,52.1399,"Management Sciences and Quantitative Methods, Other.",true,1,49,3,,
mgmt_sci,371,129020,University of Connecticut,CT,52.1301,Management Science.,true,1,39,5,,
mgmt_sci,372,238032,West Virginia University,WV,52.1301,Management Science.,true,1,32,2,,
mgmt_sci,373,209807,Portland State University,OR,52.1399,"Management Sciences and Quantitative Methods, Other.",true,1,25,3,,
mgmt_sci,374,201441,Bowling Green State University-Main Campus,OH,52.1399,"Management Sciences and Quantitative Methods, Other.",true,1,23,4,,
mgmt_sci,375,239318,Milwaukee School of Engineering,WI,52.1301,Management Science.,true,1,22,1,,
mgmt_sci,376,413413,Capella University,MN,52.1301,Management Science.,true,1,22,1,,
mgmt_sci,377,230728,Utah State University,UT,52.1301,Management Science.,true,1,18,3,,
mgmt_sci,378,218742,University of South Carolina-Upstate,SC,52.1302,Business Statistics.,true,1,17,1,,
mgmt_sci,379,121691,University of Redlands,CA,52.1301,Management Science.,true,1,15,1,,
mgmt_sci,380,172051,Saginaw Valley State University,MI,52.1301,Management Science.,true,1,15,1,,
mgmt_sci,381,230782,Weber State University,UT,52.1301,Management Science.,true,1,13,2,,
mgmt_sci,382,482705,Northeastern University Professional Programs,MA,52.1302,Business Statistics.,true,1,12,2,,
mgmt_sci,383,113698,Dominican University of California,CA,52.1399,"Management Sciences and Quantitative Methods, Other.",true,1,11,1,,
mgmt_sci,384,127060,University of Denver,CO,52.1301,Management Science.,true,1,9,1,,
mgmt_sci,385,182281,University of Nevada-Las Vegas,NV,52.1301,Management Science.,true,1,9,3,,
mgmt_sci,386,190664,CUNY Queens College,NY,52.1399,"Management Sciences and Quantitative Methods, Other.",true,1,9,2,,
mgmt_sci,387,236230,Pacific Lutheran University,WA,52.1399,"Management Sciences and Quantitative Methods, Other.",true,1,9,1,,
mgmt_sci,388,110413,California Lutheran University,CA,52.1301,Management Science.,true,1,7,2,,
mgmt_sci,389,206622,Xavier University,OH,52.1301,Management Science.,true,1,7,1,,
mgmt_sci,390,228787,The University of Texas at Dallas,TX,52.1304,Actuarial Science.,true,1,6,4,,
mgmt_sci,391,161873,University of Baltimore,MD,52.1399,"Management Sciences and Quantitative Methods, Other.",true,1,5,2,,
mgmt_sci,392,206604,Wright State University-Main Campus,OH,52.1399,"Management Sciences and Quantitative Methods, Other.",true,1,5,4,,
mgmt_sci,393,230603,Southern Utah University,UT,52.1301,Management Science.,true,1,5,1,,
mgmt_sci,394,195173,St. Francis College,NY,52.1301,Management Science.,true,1,4,1,,
mgmt_sci,395,164076,Towson University,MD,52.1304,Actuarial Science.,true,1,3,1,,
mgmt_sci,396,175272,Winona State University,MN,52.1301,Management Science.,true,1,3,1,,
mgmt_sci,397,178059,Maryville University of Saint Louis,MO,52.1304,Actuarial Science.,true,1,3,3,,
mgmt_sci,398,239105,Marquette University,WI,52.1301,Management Science.,true,1,3,4,,
mgmt_sci,399,148487,Roosevelt University,IL,52.1304,Actuarial Science.,true,1,2,1,,
mgmt_sci,400,157863,Union Commonwealth University,KY,52.1301,Management Science.,true,1,2,1,,
mgmt_sci,401,236230,Pacific Lutheran University,WA,52.1301,Management Science.,true,1,2,1,,
mgmt_sci,402,183026,Southern New Hampshire University,NH,52.1302,Business Statistics.,true,0,214,1,,
mgmt_sci,403,228723,Texas A&M University-College Station,TX,52.1302,Business Statistics.,true,0,49,4,,
mgmt_sci,404,449339,American Public University System,WV,52.1301,Management Science.,true,0,46,1,,
mgmt_sci,405,238458,Carroll University,WI,52.1301,Management Science.,true,0,32,1,,
mgmt_sci,406,122755,San Jose State University,CA,52.1399,"Management Sciences and Quantitative Methods, Other.",true,0,27,4,,
mgmt_sci,407,476975,Colorado State University Global,CO,52.1301,Management Science.,true,0,27,1,,
mgmt_sci,408,216597,Villanova University,PA,52.1301,Management Science.,true,0,25,2,,
mgmt_sci,409,144962,Elmhurst University,IL,52.1301,Management Science.,true,0,23,1,,
mgmt_sci,410,165820,Fitchburg State University,MA,52.1399,"Management Sciences and Quantitative Methods, Other.",true,0,22,1,,
mgmt_sci,411,157289,University of Louisville,KY,52.1301,Management Science.,true,0,20,1,,
mgmt_sci,412,240417,University of Wisconsin-Stout,WI,52.1399,"Management Sciences and Quantitative Methods, Other.",true,0,20,1,,
mgmt_sci,413,126818,Colorado State University-Fort Collins,CO,52.1301,Management Science.,true,0,16,3,,
mgmt_sci,414,154095,University of Northern Iowa,IA,52.1399,"Management Sciences and Quantitative Methods, Other.",true,0,16,1,,
mgmt_sci,415,215798,Saint Vincent College,PA,52.1399,"Management Sciences and Quantitative Methods, Other.",true,0,16,1,,
mgmt_sci,416,180814,Bellevue University,NE,52.1301,Management Science.,true,0,15,3,,
mgmt_sci,417,437097,University of Management and Technology,VA,52.1301,Management Science.,true,0,15,1,,
mgmt_sci,418,231174,University of Vermont,VT,52.1399,"Management Sciences and Quantitative Methods, Other.",true,0,11,2,,
mgmt_sci,419,134945,Jacksonville University,FL,52.1302,Business Statistics.,true,0,10,1,,
mgmt_sci,420,184694,Fairleigh Dickinson University-Florham Campus,NJ,52.1399,"Management Sciences and Quantitative Methods, Other.",true,0,10,1,,
mgmt_sci,421,104151,Arizona State University Campus Immersion,AZ,52.1304,Actuarial Science.,true,0,8,4,,
mgmt_sci,422,111948,Chapman University,CA,52.1399,"Management Sciences and Quantitative Methods, Other.",true,0,8,2,,
mgmt_sci,423,148584,University of St Francis,IL,52.1301,Management Science.,true,0,8,1,,
mgmt_sci,424,204194,Mount Vernon Nazarene University,OH,52.1399,"Management Sciences and Quantitative Methods, Other.",true,0,8,1,,
mgmt_sci,425,137546,Stetson University,FL,52.1399,"Management Sciences and Quantitative Methods, Other.",true,0,7,1,,
mgmt_sci,426,189705,Canisius University,NY,52.1301,Management Science.,true,0,7,1,,
mgmt_sci,427,206525,Wittenberg University,OH,52.1301,Management Science.,true,0,7,1,,
mgmt_sci,428,217484,University of Rhode Island,RI,52.1399,"Management Sciences and Quantitative Methods, Other.",true,0,7,2,,
mgmt_sci,429,228981,Texas Lutheran University,TX,52.1302,Business Statistics.,true,0,7,1,,
mgmt_sci,430,237525,Marshall University,WV,52.1399,"Management Sciences and Quantitative Methods, Other.",true,0,7,2,,
mgmt_sci,431,128771,Central Connecticut State University,CT,52.1301,Management Science.,true,0,6,1,,
mgmt_sci,432,219000,Augustana University,SD,52.1301,Management Science.,true,0,6,1,,
mgmt_sci,433,153603,Iowa State University,IA,52.1301,Management Science.,true,0,5,2,,
mgmt_sci,434,210331,Corban University,OR,52.1301,Management Science.,true,0,5,1,,
mgmt_sci,435,150163,Butler University,IN,52.1301,Management Science.,true,0,4,2,,
mgmt_sci,436,162061,Capitol Technology University,MD,52.1302,Business Statistics.,true,0,4,1,,
mgmt_sci,437,204185,University of Mount Union,OH,52.1399,"Management Sciences and Quantitative Methods, Other.",true,0,4,1,,
mgmt_sci,438,217235,Johnson & Wales University-Providence,RI,52.1301,Management Science.,true,0,4,1,,
mgmt_sci,439,239080,Marian University,WI,52.1301,Management Science.,true,0,4,1,,
mgmt_sci,440,460349,Johnson & Wales University-Online,RI,52.1301,Management Science.,true,0,4,1,,
mgmt_sci,441,165936,Gordon College,MA,52.1399,"Management Sciences and Quantitative Methods, Other.",true,0,3,1,,
mgmt_sci,442,166850,Merrimack College,MA,52.1302,Business Statistics.,true,0,3,1,,
mgmt_sci,443,212805,Grove City College,PA,52.1302,Business Statistics.,true,0,3,1,,
mgmt_sci,444,220215,Freed-Hardeman University,TN,52.1302,Business Statistics.,true,0,3,1,,
mgmt_sci,445,222628,Amberton University,TX,52.1301,Management Science.,true,0,3,2,,
mgmt_sci,446,487524,Husson University,ME,52.1399,"Management Sciences and Quantitative Methods, Other.",true,0,3,1,,
mgmt_sci,447,102234,Spring Hill College,AL,52.1301,Management Science.,true,0,2,1,,
mgmt_sci,448,174899,The College of Saint Scholastica,MN,52.1301,Management Science.,true,0,2,1,,
mgmt_sci,449,183044,University of New Hampshire-Main Campus,NH,52.1301,Management Science.,true,0,2,4,,
mgmt_sci,450,210739,DeSales University,PA,52.1302,Business Statistics.,true,0,2,1,,
mgmt_sci,451,217536,Salve Regina University,RI,52.1301,Management Science.,true,0,2,1,,
mgmt_sci,452,225247,Hardin-Simmons University,TX,52.1301,Management Science.,true,0,2,1,,
mgmt_sci,453,225627,University of the Incarnate Word,TX,52.1301,Management Science.,true,0,2,1,,
mgmt_sci,454,129242,Fairfield University,CT,52.1301,Management Science.,true,0,1,3,,
mgmt_sci,455,133881,Florida Institute of Technology,FL,52.1301,Management Science.,true,0,1,1,,
mgmt_sci,456,169479,Davenport University,MI,52.1301,Management Science.,true,0,1,2,,
mgmt_sci,457,169798,Eastern Michigan University,MI,52.1301,Management Science.,true,0,1,4,,
mgmt_sci,458,175014,Rasmussen University-Minnesota,MN,52.1301,Management Science.,true,0,1,1,,
mgmt_sci,459,194091,New York Institute of Technology,NY,52.1399,"Management Sciences and Quantitative Methods, Other.",true,0,1,1,,
mgmt_sci,460,216339,Temple University,PA,52.1304,Actuarial Science.,true,0,1,2,,
mgmt_sci,461,216852,Widener University,PA,52.1301,Management Science.,true,0,1,2,,
mgmt_sci,462,227331,Our Lady of the Lake University,TX,52.1301,Management Science.,true,0,1,1,,
mgmt_sci,463,230995,Norwich University,VT,52.1301,Management Science.,true,0,1,1,,
econ,1,162928,Johns Hopkins University,MD,45.0603,Econometrics and Quantitative Economics.,true,473,559,3,pilot,
econ,2,190150,Columbia University in the City of New York,NY,45.0603,Econometrics and Quantitative Economics.,true,143,164,5,,
econ,3,123961,University of Southern California,CA,45.0603,Econometrics and Quantitative Economics.,true,140,153,4,pilot,
econ,4,240444,University of Wisconsin-Madison,WI,45.0603,Econometrics and Quantitative Economics.,true,129,147,4,pilot,
econ,5,110662,University of California-Los Angeles,CA,45.0603,Econometrics and Quantitative Economics.,true,105,133,3,pilot,
econ,6,193900,New York University,NY,45.0603,Econometrics and Quantitative Economics.,true,90,108,5,,
econ,7,166027,Harvard University,MA,45.0603,Econometrics and Quantitative Economics.,true,82,106,3,,
econ,8,164988,Boston University,MA,45.0603,Econometrics and Quantitative Economics.,true,74,102,5,,
econ,9,145637,University of Illinois Urbana-Champaign,IL,45.0603,Econometrics and Quantitative Economics.,true,69,90,5,,
econ,10,482705,Northeastern University Professional Programs,MA,45.0603,Econometrics and Quantitative Economics.,true,69,77,2,,
econ,11,147767,Northwestern University,IL,45.0603,Econometrics and Quantitative Economics.,true,68,69,3,,
econ,12,198419,Duke University,NC,45.0603,Econometrics and Quantitative Economics.,true,65,70,4,,
econ,13,144050,University of Chicago,IL,45.0603,Econometrics and Quantitative Economics.,true,52,74,4,,
econ,14,130794,Yale University,CT,45.0603,Econometrics and Quantitative Economics.,true,49,63,3,,
econ,15,167358,Northeastern University,MA,45.0603,Econometrics and Quantitative Economics.,true,46,56,2,,
econ,16,190415,Cornell University,NY,45.0603,Econometrics and Quantitative Economics.,true,43,65,3,,
econ,17,164924,Boston College,MA,45.0603,Econometrics and Quantitative Economics.,true,42,82,3,,
econ,18,131496,Georgetown University,DC,45.0603,Econometrics and Quantitative Economics.,true,39,50,3,,
econ,19,228778,The University of Texas at Austin,TX,45.0603,Econometrics and Quantitative Economics.,true,37,46,5,,
econ,20,165015,Brandeis University,MA,45.0603,Econometrics and Quantitative Economics.,true,36,48,2,,
econ,21,163286,University of Maryland-College Park,MD,45.0603,Econometrics and Quantitative Economics.,true,30,59,4,,
econ,22,122612,University of San Francisco,CA,45.0603,Econometrics and Quantitative Economics.,true,27,46,2,,
econ,23,179867,Washington University in St Louis,MO,45.0603,Econometrics and Quantitative Economics.,true,26,29,3,,
econ,24,131469,George Washington University,DC,45.0603,Econometrics and Quantitative Economics.,true,24,39,3,,
econ,25,228723,Texas A&M University-College Station,TX,45.0603,Econometrics and Quantitative Economics.,true,19,99,4,,
econ,26,221999,Vanderbilt University,TN,45.0603,Econometrics and Quantitative Economics.,true,18,20,2,,
econ,27,174066,University of Minnesota-Twin Cities,MN,45.0603,Econometrics and Quantitative Economics.,true,17,27,5,,
econ,28,166683,Massachusetts Institute of Technology,MA,45.0603,Econometrics and Quantitative Economics.,true,17,21,2,,
econ,29,190576,CUNY Graduate School and University Center,NY,45.0603,Econometrics and Quantitative Economics.,true,17,20,2,,
econ,30,126775,Colorado School of Mines,CO,45.0603,Econometrics and Quantitative Economics.,true,16,25,2,,
econ,31,186131,Princeton University,NJ,45.0603,Econometrics and Quantitative Economics.,true,16,21,1,,
econ,32,204857,Ohio University-Main Campus,OH,45.0603,Econometrics and Quantitative Economics.,true,16,18,2,,
econ,33,139755,Georgia Institute of Technology-Main Campus,GA,45.0603,Econometrics and Quantitative Economics.,true,15,22,3,,
econ,34,186380,Rutgers University-New Brunswick,NJ,45.0603,Econometrics and Quantitative Economics.,true,15,20,3,,
econ,35,168148,Tufts University,MA,45.0603,Econometrics and Quantitative Economics.,true,15,16,4,,
econ,36,139959,University of Georgia,GA,45.0603,Econometrics and Quantitative Economics.,true,14,29,3,,
econ,37,110714,University of California-Santa Cruz,CA,45.0603,Econometrics and Quantitative Economics.,true,14,26,2,,
econ,38,215293,University of Pittsburgh-Pittsburgh Campus,PA,45.0603,Econometrics and Quantitative Economics.,true,14,25,4,,
econ,39,129020,University of Connecticut,CT,45.0603,Econometrics and Quantitative Economics.,true,14,22,5,,
econ,40,204796,Ohio State University-Main Campus,OH,45.0603,Econometrics and Quantitative Economics.,true,14,22,3,,
econ,41,196060,University at Albany,NY,45.0603,Econometrics and Quantitative Economics.,true,14,19,2,,
econ,42,227757,Rice University,TX,45.0603,Econometrics and Quantitative Economics.,true,13,18,4,,
econ,43,145813,Illinois State University,IL,45.0603,Econometrics and Quantitative Economics.,true,13,17,2,,
econ,44,213543,Lehigh University,PA,45.0603,Econometrics and Quantitative Economics.,true,13,15,5,,
econ,45,215062,University of Pennsylvania,PA,45.0603,Econometrics and Quantitative Economics.,true,12,29,4,,
econ,46,110644,University of California-Davis,CA,45.0603,Econometrics and Quantitative Economics.,true,12,22,3,,
econ,47,196088,University at Buffalo,NY,45.0603,Econometrics and Quantitative Economics.,true,12,20,2,,
econ,48,229115,Texas Tech University,TX,45.0603,Econometrics and Quantitative Economics.,true,12,16,3,,
econ,49,191241,Fordham University,NY,45.0603,Econometrics and Quantitative Economics.,true,11,23,5,,
econ,50,139940,Georgia State University,GA,45.0603,Econometrics and Quantitative Economics.,true,11,16,2,,
econ,51,228246,Southern Methodist University,TX,45.0603,Econometrics and Quantitative Economics.,true,10,16,4,,
econ,52,193654,The New School,NY,45.0603,Econometrics and Quantitative Economics.,true,9,32,1,,
econ,53,131159,American University,DC,45.0603,Econometrics and Quantitative Economics.,true,9,26,5,,
econ,54,110705,University of California-Santa Barbara,CA,45.0603,Econometrics and Quantitative Economics.,true,9,13,4,,
econ,55,149772,Western Illinois University,IL,45.0603,Econometrics and Quantitative Economics.,true,9,13,2,,
econ,56,201441,Bowling Green State University-Main Campus,OH,45.0603,Econometrics and Quantitative Economics.,true,9,12,4,,
econ,57,110404,California Institute of Technology,CA,45.0603,Econometrics and Quantitative Economics.,true,9,11,1,,
econ,58,172699,Western Michigan University,MI,45.0603,Econometrics and Quantitative Economics.,true,9,10,3,,
econ,59,243780,Purdue University-Main Campus,IN,45.0603,Econometrics and Quantitative Economics.,true,8,46,3,,
econ,60,152600,Valparaiso University,IN,45.0603,Econometrics and Quantitative Economics.,true,8,11,2,,
econ,61,243744,Stanford University,CA,45.0603,Econometrics and Quantitative Economics.,true,8,11,3,,
econ,62,236948,University of Washington-Seattle Campus,WA,45.0603,Econometrics and Quantitative Economics.,true,8,10,3,,
econ,63,214777,Pennsylvania State University-Main Campus,PA,45.0603,Econometrics and Quantitative Economics.,true,8,9,3,,
econ,64,195030,University of Rochester,NY,45.0603,Econometrics and Quantitative Economics.,true,8,8,3,,
econ,65,178396,University of Missouri-Columbia,MO,45.0603,Econometrics and Quantitative Economics.,true,7,36,3,,
econ,66,199139,University of North Carolina at Charlotte,NC,45.0603,Econometrics and Quantitative Economics.,true,7,18,2,,
econ,67,217156,Brown University,RI,45.0603,Econometrics and Quantitative Economics.,true,7,12,2,,
econ,68,121628,RAND School of Public Policy,CA,45.0603,Econometrics and Quantitative Economics.,true,6,26,1,,
econ,69,238032,West Virginia University,WV,45.0603,Econometrics and Quantitative Economics.,true,6,18,2,,
econ,70,199193,North Carolina State University at Raleigh,NC,45.0603,Econometrics and Quantitative Economics.,true,6,14,3,,
econ,71,110653,University of California-Irvine,CA,45.0603,Econometrics and Quantitative Economics.,true,6,13,3,,
econ,72,104179,University of Arizona,AZ,45.0603,Econometrics and Quantitative Economics.,true,6,12,4,,
econ,73,228787,The University of Texas at Dallas,TX,45.0603,Econometrics and Quantitative Economics.,true,6,12,4,,
econ,74,179159,Saint Louis University,MO,45.0603,Econometrics and Quantitative Economics.,true,6,11,2,,
econ,75,196413,Syracuse University,NY,45.0603,Econometrics and Quantitative Economics.,true,6,11,3,,
econ,76,201885,University of Cincinnati-Main Campus,OH,45.0603,Econometrics and Quantitative Economics.,true,6,11,3,,
econ,77,184348,Drew University,NJ,45.0603,Econometrics and Quantitative Economics.,true,6,10,1,,
econ,78,230764,University of Utah,UT,45.0603,Econometrics and Quantitative Economics.,true,6,10,2,,
econ,79,225511,University of Houston,TX,45.0603,Econometrics and Quantitative Economics.,true,6,6,4,,
econ,80,152080,University of Notre Dame,IN,45.0603,Econometrics and Quantitative Economics.,true,5,17,2,,
econ,81,110680,University of California-San Diego,CA,45.0603,Econometrics and Quantitative Economics.,true,5,11,4,,
econ,82,112251,Claremont Graduate University,CA,45.0603,Econometrics and Quantitative Economics.,true,5,10,3,,
econ,83,161253,University of Maine,ME,45.0603,Econometrics and Quantitative Economics.,true,5,10,3,,
econ,84,189088,Bard College,NY,45.0603,Econometrics and Quantitative Economics.,true,5,9,1,,
econ,85,228796,The University of Texas at El Paso,TX,45.0603,Econometrics and Quantitative Economics.,true,5,8,2,,
econ,86,151111,Indiana University-Indianapolis,IN,45.0603,Econometrics and Quantitative Economics.,true,5,7,1,,
econ,87,212054,Drexel University,PA,45.0603,Econometrics and Quantitative Economics.,true,5,6,4,,
econ,88,217882,Clemson University,SC,45.0603,Econometrics and Quantitative Economics.,true,5,6,1,,
econ,89,130943,University of Delaware,DE,45.0603,Econometrics and Quantitative Economics.,true,5,5,5,,
econ,90,211440,Carnegie Mellon University,PA,45.0603,Econometrics and Quantitative Economics.,true,5,5,5,,
econ,91,233921,Virginia Polytechnic Institute and State University,VA,45.0603,Econometrics and Quantitative Economics.,true,5,5,2,,
econ,92,122597,San Francisco State University,CA,45.0603,Econometrics and Quantitative Economics.,true,4,13,3,,
econ,93,126562,University of Colorado Denver/Anschutz Medical Campus,CO,45.0603,Econometrics and Quantitative Economics.,true,4,12,3,,
econ,94,186432,Saint Peter's University,NJ,45.0603,Econometrics and Quantitative Economics.,true,4,11,4,,
econ,95,155317,University of Kansas,KS,45.0603,Econometrics and Quantitative Economics.,true,4,10,4,,
econ,96,156125,Wichita State University,KS,45.0603,Econometrics and Quantitative Economics.,true,4,10,3,,
econ,97,142285,University of Idaho,ID,45.0603,Econometrics and Quantitative Economics.,true,4,8,2,,
econ,98,174783,Saint Cloud State University,MN,45.0603,Econometrics and Quantitative Economics.,true,4,8,1,,
econ,99,228769,The University of Texas at Arlington,TX,45.0603,Econometrics and Quantitative Economics.,true,4,8,2,,
econ,100,234076,University of Virginia-Main Campus,VA,45.0603,Econometrics and Quantitative Economics.,true,4,8,4,,
econ,101,151351,Indiana University-Bloomington,IN,45.0603,Econometrics and Quantitative Economics.,true,4,6,3,,
econ,102,196079,Binghamton University,NY,45.0603,Econometrics and Quantitative Economics.,true,3,17,3,,
econ,103,171100,Michigan State University,MI,45.0603,Econometrics and Quantitative Economics.,true,3,14,3,,
econ,104,194310,Pace University,NY,45.0603,Econometrics and Quantitative Economics.,true,3,14,3,,
econ,105,181394,University of Nebraska at Omaha,NE,45.0603,Econometrics and Quantitative Economics.,true,3,13,1,,
econ,106,240727,University of Wyoming,WY,45.0603,Econometrics and Quantitative Economics.,true,3,12,2,,
econ,107,229027,The University of Texas at San Antonio,TX,45.0603,Econometrics and Quantitative Economics.,true,3,11,3,,
econ,108,199120,University of North Carolina at Chapel Hill,NC,45.0603,Econometrics and Quantitative Economics.,true,3,7,3,,
econ,109,139658,Emory University,GA,45.0603,Econometrics and Quantitative Economics.,true,3,6,2,,
econ,110,159391,Louisiana State University and Agricultural & Mechanical College,LA,45.0603,Econometrics and Quantitative Economics.,true,3,6,3,,
econ,111,110671,University of California-Riverside,CA,45.0603,Econometrics and Quantitative Economics.,true,3,5,3,,
econ,112,147703,Northern Illinois University,IL,45.0603,Econometrics and Quantitative Economics.,true,3,5,3,,
econ,113,181464,University of Nebraska-Lincoln,NE,45.0603,Econometrics and Quantitative Economics.,true,3,5,4,,
econ,114,149222,Southern Illinois University-Carbondale,IL,45.0603,Econometrics and Quantitative Economics.,true,3,3,2,,
econ,115,110422,California Polytechnic State University-San Luis Obispo,CA,45.0603,Econometrics and Quantitative Economics.,true,2,20,3,,
econ,116,209551,University of Oregon,OR,45.0603,Econometrics and Quantitative Economics.,true,2,20,1,,
econ,117,200280,University of North Dakota,ND,45.0603,Econometrics and Quantitative Economics.,true,2,16,2,,
econ,118,207500,University of Oklahoma-Norman Campus,OK,45.0603,Econometrics and Quantitative Economics.,true,2,11,1,,
econ,119,110565,California State University-Fullerton,CA,45.0603,Econometrics and Quantitative Economics.,true,2,9,2,,
econ,120,166638,University of Massachusetts-Boston,MA,45.0603,Econometrics and Quantitative Economics.,true,2,9,2,,
econ,121,122755,San Jose State University,CA,45.0603,Econometrics and Quantitative Economics.,true,2,7,4,,
econ,122,236939,Washington State University,WA,45.0603,Econometrics and Quantitative Economics.,true,2,7,2,,
econ,123,111948,Chapman University,CA,45.0603,Econometrics and Quantitative Economics.,true,2,5,2,,
econ,124,223232,Baylor University,TX,45.0603,Econometrics and Quantitative Economics.,true,2,5,3,,
econ,125,227216,University of North Texas,TX,45.0603,Econometrics and Quantitative Economics.,true,2,5,4,,
econ,126,240453,University of Wisconsin-Milwaukee,WI,45.0603,Econometrics and Quantitative Economics.,true,2,5,4,,
econ,127,169798,Eastern Michigan University,MI,45.0603,Econometrics and Quantitative Economics.,true,2,3,4,,
econ,128,232982,Old Dominion University,VA,45.0603,Econometrics and Quantitative Economics.,true,2,3,2,,
econ,129,104151,Arizona State University Campus Immersion,AZ,45.0603,Econometrics and Quantitative Economics.,true,2,2,4,,
econ,130,134130,University of Florida,FL,45.0603,Econometrics and Quantitative Economics.,true,1,29,2,,
econ,131,230728,Utah State University,UT,45.0603,Econometrics and Quantitative Economics.,true,1,18,3,,
econ,132,204024,Miami University-Oxford,OH,45.0603,Econometrics and Quantitative Economics.,true,1,13,3,,
econ,133,134097,Florida State University,FL,45.0603,Econometrics and Quantitative Economics.,true,1,9,5,,
econ,134,106397,University of Arkansas,AR,45.0603,Econometrics and Quantitative Economics.,true,1,8,3,,
econ,135,178402,University of Missouri-Kansas City,MO,45.0603,Econometrics and Quantitative Economics.,true,1,7,4,,
econ,136,182281,University of Nevada-Las Vegas,NV,45.0603,Econometrics and Quantitative Economics.,true,1,7,3,,
econ,137,183044,University of New Hampshire-Main Campus,NH,45.0603,Econometrics and Quantitative Economics.,true,1,7,4,,
econ,138,198464,East Carolina University,NC,45.0603,Econometrics and Quantitative Economics.,true,1,6,2,,
econ,139,203517,Kent State University at Kent,OH,45.0603,Econometrics and Quantitative Economics.,true,1,6,4,,
econ,140,234030,Virginia Commonwealth University,VA,45.0603,Econometrics and Quantitative Economics.,true,1,5,2,,
econ,141,100830,Auburn University at Montgomery,AL,45.0603,Econometrics and Quantitative Economics.,true,1,4,1,,
econ,142,157951,Western Kentucky University,KY,45.0603,Econometrics and Quantitative Economics.,true,1,4,1,,
econ,143,110574,California State University-East Bay,CA,45.0603,Econometrics and Quantitative Economics.,true,1,3,3,,
econ,144,141574,University of Hawaii at Manoa,HI,45.0603,Econometrics and Quantitative Economics.,true,1,3,1,,
econ,145,221759,The University of Tennessee-Knoxville,TN,45.0603,Econometrics and Quantitative Economics.,true,1,3,3,,
econ,146,110635,University of California-Berkeley,CA,45.0603,Econometrics and Quantitative Economics.,true,1,1,3,,
econ,147,176017,University of Mississippi,MS,45.0603,Econometrics and Quantitative Economics.,true,1,1,3,,
econ,148,194824,Rensselaer Polytechnic Institute,NY,45.0603,Econometrics and Quantitative Economics.,true,1,1,2,,
econ,149,100751,The University of Alabama,AL,45.0603,Econometrics and Quantitative Economics.,true,0,15,4,,
econ,150,144740,DePaul University,IL,45.0603,Econometrics and Quantitative Economics.,true,0,15,4,,
econ,151,200697,Air Force Institute of Technology-Graduate School of Engineering & Management,OH,45.0603,Econometrics and Quantitative Economics.,true,0,12,2,,
econ,152,199148,University of North Carolina at Greensboro,NC,45.0603,Econometrics and Quantitative Economics.,true,0,11,2,,
econ,153,126818,Colorado State University-Fort Collins,CO,45.0603,Econometrics and Quantitative Economics.,true,0,6,3,,
econ,154,145600,University of Illinois Chicago,IL,45.0603,Econometrics and Quantitative Economics.,true,0,6,3,,
econ,155,239105,Marquette University,WI,45.0603,Econometrics and Quantitative Economics.,true,0,6,4,,
econ,156,180461,Montana State University,MT,45.0603,Econometrics and Quantitative Economics.,true,0,5,3,,
econ,157,206084,University of Toledo,OH,45.0603,Econometrics and Quantitative Economics.,true,0,5,2,,
econ,158,206604,Wright State University-Main Campus,OH,45.0603,Econometrics and Quantitative Economics.,true,0,5,4,,
econ,159,196097,Stony Brook University,NY,45.0603,Econometrics and Quantitative Economics.,true,0,4,1,,
econ,160,110413,California Lutheran University,CA,45.0603,Econometrics and Quantitative Economics.,true,0,3,2,,
econ,161,209807,Portland State University,OR,45.0603,Econometrics and Quantitative Economics.,true,0,3,3,,
econ,162,131283,The Catholic University of America,DC,45.0603,Econometrics and Quantitative Economics.,true,0,2,1,,
econ,163,133951,Florida International University,FL,45.0603,Econometrics and Quantitative Economics.,true,0,2,3,,
econ,164,142115,Boise State University,ID,45.0603,Econometrics and Quantitative Economics.,true,0,2,1,,
econ,165,160755,Tulane University of Louisiana,LA,45.0603,Econometrics and Quantitative Economics.,true,0,2,3,,
econ,166,163268,University of Maryland-Baltimore County,MD,45.0603,Econometrics and Quantitative Economics.,true,0,2,2,,
econ,167,178420,University of Missouri-St Louis,MO,45.0603,Econometrics and Quantitative Economics.,true,0,2,2,,
econ,168,182290,University of Nevada-Reno,NV,45.0603,Econometrics and Quantitative Economics.,true,0,2,3,,
econ,169,445188,University of California-Merced,CA,45.0603,Econometrics and Quantitative Economics.,true,0,2,2,,
econ,170,155399,Kansas State University,KS,45.0603,Econometrics and Quantitative Economics.,true,0,1,3,,
econ,171,166629,University of Massachusetts-Amherst,MA,45.0603,Econometrics and Quantitative Economics.,true,0,1,4,,
econ,172,220862,University of Memphis,TN,45.0603,Econometrics and Quantitative Economics.,true,0,1,2,,
